Object Number,Object ID,Department,Object Name,Title,Culture,Period,Dynasty,Reign,Portfolio,Artist Role,Artist Prefix,Artist Display Name,Artist Display Bio,Artist Suffix,Artist Nationality,Artist Begin Date,Artist End Date,Object Date,Object Begin Date,Object End Date,Medium,Dimensions,Credit Line,Geography Type,City,State,County,Country,Region,Subregion,Locale,Locus,Excavation,River,Classification,Rights and Reproduction,Link Resource,Metadata Date,Repository,Tags
62.16,1674,American Decorative Arts,Side Chair,Side Chair,American,,,,,Maker,Attributed to,Samuel McIntire,1757–1811,,,1757,1811,1794–99,1794,1799,"Mahogany, ebony, ash, birch, white pine",37 7/8 x 27 7/8 x 18 in. (96.2 x 70.8 x 45.7 cm),"Friends of the American Wing Fund, 1962",Made in,Salem,,,United States,,,,,,,Furniture,,http://www.metmuseum.org/art/collection/search/1674,5/13/2019 8:00,"Metropolitan Museum of Art, New York, NY",Chairs
13.7.17,2430,American Decorative Arts,Pitcher,Covered Pitcher,American,,,,,,,,,,,,,1700–1900,1700,1900,Earthenware,7 1/4 x 6 3/8 x 5 1/2 in. (18.4 x 16.2 x 14 cm),"Rogers Fund, 1913",Made in,,,,United States,,,,,,,Ceramics,,http://www.metmuseum.org/art/collection/search/2430,5/13/2019 8:00,"Metropolitan Museum of Art, New York, NY",Pitchers
33.85.11,6406,American Decorative Arts,Plate,Plate,Dutch,,,,,,,,,,,,,1740–60,1740,1760,Earthenware,Diam. 8 7/8 in. (22.5 cm),"Rogers Fund, 1933",Made in,Delft,,,Netherlands,,,,,,,Ceramics,,http://www.metmuseum.org/art/collection/search/6406,5/13/2019 8:00,"Metropolitan Museum of Art, New York, NY",
69.194.109,7616,American Decorative Arts,Soup bowl,Soup Bowl,American,,,,,Maker,,Union Porcelain Works,1863–ca. 1922,,,1863,1922,1885,1885,1885,Porcelain,H. 1 7/16 in. (3.7 cm); Diam. 8 3/4 in. (22.2 cm),"Gift of Mr. and Mrs. Franklin Chace, 1969",Made in,Brooklyn,,,United States,,,,,,,Ceramics,,http://www.metmuseum.org/art/collection/search/7616,5/13/2019 8:00,"Metropolitan Museum of Art, New York, NY",Bowls
2006.235.20,15012,American Decorative Arts,"Painting, miniature",Portrait of a Lady,American,,,,,Artist,,John Henry Brown,1818–1891,,,1818,1891,ca. 1840,1840,1840,Watercolor on ivory,2 11/16 x 2 3/16 in. (6.8 x 5.6 cm),"Fletcher Fund, 2006",,,,,,,,,,,,Paintings,,http://www.metmuseum.org/art/collection/search/15012,5/13/2019 8:00,"Metropolitan Museum of Art, New York, NY",Pendants|Portraits|Women
32.75.439,23510,Arms and Armor,Arrowhead (Yanonē),Arrowhead (Yanonē),Japanese,,,,,,,,,,,,,18th century,1701,1800,Steel,L. 11 in. (27.9 cm); L. of head 3 1/2 in. (8.9 cm); W. 3/4 in. (1.9 cm); Wt. 1.8 oz. (51 g),"The Collection of Giovanni P. Morosini, presented by his daughter Giulia, 1932",,,,,,,,,,,,Archery Equipment-Arrowheads,,http://www.metmuseum.org/art/collection/search/23510,5/13/2019 8:00,"Metropolitan Museum of Art, New York, NY",Arrowheads
36.120.286,29920,Arms and Armor,Knife handle (Kozuka),Knife Handle (Kozuka),Japanese,,,,,,,,,,,,,1770–1852,1770,1852,"Copper-gold alloy (shakudō), copper-silver alloy (shibuichi), gold",L. 3 13/16 in. (9.7 cm); W. 9/16 in. (1.4 cm); thickness 5/16 in. (0.8 cm); Wt. 1.1 oz. (31.2 g),"The Howard Mansfield Collection, Gift of Howard Mansfield, 1936",,,,,,,,,,,,Sword Furniture-Kozuka,,http://www.metmuseum.org/art/collection/search/29920,5/13/2019 8:00,"Metropolitan Museum of Art, New York, NY",Animals|Hilts
23.135.3,32848,Arms and Armor,Coin (Thaler),Coin (Thaler) Showing August I (The Pious) of Saxony,German,,,,,,,,,,,,,dated 1580,1580,1580,Silver,Diam. 1 9/16 in. (4 cm); thickness 1/8 in. (0.3 cm); Wt. 1 oz. (28.3 g),"Gift of Bashford Dean, 1923",,,,,,,,,,,,Miscellaneous-Coins and Medals,,http://www.metmuseum.org/art/collection/search/32848,5/13/2019 8:00,"Metropolitan Museum of Art, New York, NY",Swords|Men|Profiles|Coins
"29.158.740a, b",34014,Arms and Armor,Two drawings,Drawings Showing Combat on Foot (Champ Clos),German,,,,,,,,,,,,,16th century,1501,1600,"Pen, ink and watercolor on paper",7 1/2 x 5 1/2 in. (19 x 13.9 cm),"Bashford Dean Memorial Collection, Funds from various donors, 1929",,,,,,,,,,,,Works on Paper-Drawings,,http://www.metmuseum.org/art/collection/search/34014,5/13/2019 8:00,"Metropolitan Museum of Art, New York, NY",Armor|Weapons|Men
29.156.26,34308,Arms and Armor,Partisan,Partisan,German,,,,,,,,,,,,,18th century,1701,1800,"Steel, wood, textile, metallic thread",L. 92 1/8 in. (234 cm); L. of head 15 3/8 in. (39.1 cm); W. 6 3/4 in. (17.1 cm); Wt. 4 lbs. 4.5 oz. (1941.9 g),"Bashford Dean Memorial Collection, Gift of Edward S. Harkness, 1929",,,,,,,,,,,,Shafted Weapons,,http://www.metmuseum.org/art/collection/search/34308,5/13/2019 8:00,"Metropolitan Museum of Art, New York, NY",Weapons
29.100.1067,34477,Arms and Armor,Sword guard (Tsuba),Sword Guard (Tsuba),Japanese,,,,,,,,,,,,,ca. 1615–1868,1590,1900,"Iron, gold, silver, copper",H. 3 1/4 in. (8.3 cm); W. 3 in. (7.6 cm); thickness 1/4 in. (0.6 cm); Wt. 5.6 oz. (158.8 g),"H. O. Havemeyer Collection, Bequest of Mrs. H. O. Havemeyer, 1929",,,,,,,,,,,,Sword Furniture-Tsuba,,http://www.metmuseum.org/art/collection/search/34477,5/13/2019 8:00,"Metropolitan Museum of Art, New York, NY",Sword Guards|Flowers
"91.16.91a, b",35163,Arms and Armor,Dirk with sheath,Dirk with Sheath,possibly Spanish,,,,,,,,,,,,,early 19th century,1800,1850,"Steel, horn, brass, leather, copper wire",L. with sheath 11 1/4 in. (28.6 cm); L. without sheath 10 5/8 in. (27 cm); W. 1 7/8 in. (4.8 cm); Wt. 5.5 oz. (155.9 g); Wt. of sheath 1 oz. (28.3 g),"Gift of Rutherfurd Stuyvesant, 1891",,,,,,,,,,,,Knives,,http://www.metmuseum.org/art/collection/search/35163,5/13/2019 8:00,"Metropolitan Museum of Art, New York, NY",Utilitarian Objects|Knives
1989.363.3,39917,Asian Art,Hanging scroll mounted as handscroll,,China,Song dynasty (960–1279),,,,Artist|Artist,After,Su Shi|Unidentified Artist,"Chinese, 1037–1101",,Chinese,1037,1101,,1037,1101,Hanging scroll mounted as a handscroll; ink on paper,Image: 21 3/8 in. × 13 in. (54.3 × 33 cm)Overall with mounting: 14 3/4 in. × 34 ft. 10 3/16 in. (37.5 × 1062.2 cm),"Bequest of John M. Crawford Jr., 1988",,,,,,,,,,,,Paintings,,http://www.metmuseum.org/art/collection/search/39917,5/13/2019 8:00,"Metropolitan Museum of Art, New York, NY",Leaves
13.40.137,43092,Asian Art,Girdle ornament,,China,Han dynasty (206 B.C.–A.D. 220),,,,,,,,,,,,,-206,,Jade,H. 2 3/8 in. (6 cm); W. 1 3/8 in. (3.5 cm),"Gift of Samuel T. Peters, 1913",,,,,,,,,,,,Jade,,http://www.metmuseum.org/art/collection/search/43092,5/13/2019 8:00,"Metropolitan Museum of Art, New York, NY",Jewelry|Mythical Creatures
2001.433.180,53280,Asian Art,Bracelet,,Thailand,Late period,,,,,,,,,,,,300 B.C.–A.D. 400,-300,400,Bronze,H. 3 5/16 in. (8.4 cm); W. 2 9/16 in. (6.5 cm),"Samuel Eilenberg Collection, Bequest of Samuel Eilenberg, 1998",,,,,,,,,,,,Jewelry,,http://www.metmuseum.org/art/collection/search/53280,5/13/2019 8:00,"Metropolitan Museum of Art, New York, NY",Bracelets
JP1965,54547,Asian Art,Print,,Japan,Edo period (1615–1868),,,,Artist,,Yashima Gakutei,"Japanese, 1786?–1868",,Japanese,1786,1868,19th century,1800,1899,Polychrome woodblock print (surimono); ink and color on paper,8 5/16 x 7 3/8 in. (21.1 x 18.7 cm),"H. O. Havemeyer Collection, Bequest of Mrs. H. O. Havemeyer, 1929",,,,,,,,,,,,Prints,,http://www.metmuseum.org/art/collection/search/54547,5/13/2019 8:00,"Metropolitan Museum of Art, New York, NY",Dance|Men|Women
14.76.61.20,54626,Asian Art,Album leaf,,Japan,Meiji period (1868–1912),,,,Artist,,Kawanabe Kyōsai,"Japanese, 1831–1889",,Japanese,1831,1889,ca. 1887,1877,1897,Album leaf; ink and color on silk,14 1/8 x 10 5/8 in. (35.9 x 27 cm),"Charles Stewart Smith Collection, Gift of Mrs. Charles Stewart Smith, Charles Stewart Smith Jr., and Howard Caswell Smith, in memory of Charles Stewart Smith, 1914",,,,,,,,,,,,Paintings,,http://www.metmuseum.org/art/collection/search/54626,5/13/2019 8:00,"Metropolitan Museum of Art, New York, NY",Cats|Frogs|Plants
JP1412,55442,Asian Art,Print,,Japan,Edo period (1615–1868),,,,Artist,,Yashima Gakutei,"Japanese, 1786?–1868",,Japanese,1786,1868,1838,1838,1838,Polychrome woodblock print; ink and color on paper,H. 10 1/8 in. (25.7 cm); W. 14 15/16 in. (37.9 cm),"Rogers Fund, 1922",,,,,,,,,,,,Prints,,http://www.metmuseum.org/art/collection/search/55442,5/13/2019 8:00,"Metropolitan Museum of Art, New York, NY",Bridges|Men|Moon|Trees|Boats
36.100.217,58899,Asian Art,Inrō,,Japan,,,,,,,,,,,,,19th century,1800,1899,"Lacquer, hirame ground, gold, red, silver and brown hiramakie, raden inlay; Interior: nashiji and fundame",3 1/2 x 3 11/16 x 13/16 in. (8.9 x 9.3 x 2 cm),"The Howard Mansfield Collection, Purchase, Rogers Fund, 1936",,,,,,,,,,,,Inrō,,http://www.metmuseum.org/art/collection/search/58899,5/13/2019 8:00,"Metropolitan Museum of Art, New York, NY",Masks|Armor|Helmets
91.1.2074,62174,Asian Art,Basket,,Japan,,,,,,,,,,,,,19th century,1800,1899,Bamboo,H. 11 1/4  in. (59.7 cm); Diam. 10 1/2 in. (26.7 cm),"Edward C. Moore Collection, Bequest of Edward C. Moore, 1891",,,,,,,,,,,,Basketry,,http://www.metmuseum.org/art/collection/search/62174,5/13/2019 8:00,"Metropolitan Museum of Art, New York, NY",
09.50.3297,67976,Asian Art,Piece,,Japan,,,,,,,,,,,,,19th century,1800,1899,Silk / Brocaded,7 3/4 x 5 1/2 in. (19.68 x 13.97 cm),"Rogers Fund, 1909",,,,,,,,,,,,Textiles-Woven,,http://www.metmuseum.org/art/collection/search/67976,5/13/2019 8:00,"Metropolitan Museum of Art, New York, NY",
2005.509.32,72803,Asian Art,Hanging scroll,近代  蟬竹圖      軸|Bamboo and Cicada,China,Republic period,,,,Artist,,Zhao Shao'ang,"Chinese, 1905–1998",,Chinese,1905,1998,dated 1966,1966,1966,Hanging scroll; ink and color on paper,Image: 32 1/2 x 14 3/16 in. (82.5 x 36 cm)Overall with rollers: 38 1/2 x 24 5/8 in. (97.8 x 62.5 cm),"The Lin Yutang Family Collection, Gift of Richard M. Lai, Jill Lai Miller, and Larry C. Lai, in memory of Taiyi Lin Lai, 2005",,,,,,,,,,,,Paintings,,http://www.metmuseum.org/art/collection/search/72803,5/13/2019 8:00,"Metropolitan Museum of Art, New York, NY",Insects|Bamboo
2011.576.8,77166,Asian Art,Drawing,,"India (Guler, Punjab Hills)",,,,,,,,,,,,,ca. 1800,1790,1810,Ink on paper,Image: 9 7/8 x 6 3/4 in. (25.1 x 17.1 cm),"Gift of Cynthia Hazen Polsky, 2011",,,,,,,,,,,,Prints,,http://www.metmuseum.org/art/collection/search/77166,5/13/2019 8:00,"Metropolitan Museum of Art, New York, NY",Battles|Soldiers|Firearms|Horse Riding|Elephants
1993.154.1,80735,Costume Institute,Belt,Belt,Japanese,,,,,Designer|Design House,,Issey Miyake|Miyake Design Studio,"Japanese, born 1938|Japanese",,Japanese|Japanese,1938,2038,mid-1980s,1983,1987,"leather, metal",,"Gift of Linda A. Rosenthal, 1993",,,,,,,,,,,,,,http://www.metmuseum.org/art/collection/search/80735,5/13/2019 8:00,"Metropolitan Museum of Art, New York, NY",Belts
"1999.248.25a, b",81291,Costume Institute,Pumps,Pumps,British,,,,,Designer,,Patrick Cox,"British, born Canada, 1963",,British,1963,2063,1980s,1980,1989,leather,,"Gift of Holly Solomon, 1999",,,,,,,,,,,,,,http://www.metmuseum.org/art/collection/search/81291,5/13/2019 8:00,"Metropolitan Museum of Art, New York, NY",
"1998.508.60a, b",81451,Costume Institute,Evening dress,Evening dress,American,,,,,Designer|Design House,,"Calvin Klein|Calvin Klein, Inc.","American, born Bronx, New York, 1942|American, founded 1968",,American|American,1942-11-19|1968      ,2042      |9999      ,fall/winter 1983–84,1983,1984,rayon,,"Gift of Calvin Klein, Inc., 1998",,,,,,,,,,,,,,http://www.metmuseum.org/art/collection/search/81451,5/13/2019 8:00,"Metropolitan Museum of Art, New York, NY",Dresses
"2002.199.10a, b",83780,Costume Institute,Shoes,Shoes,Italian,,,,,Designer,,Casadei,"Italian, founded 1958",,Italian,1958,9999,mid-1980s,1983,1989,synthetic,,"Gift of Muriel Kallis Newman, 2002",,,,,,,,,,,,,,http://www.metmuseum.org/art/collection/search/83780,5/13/2019 8:00,"Metropolitan Museum of Art, New York, NY",
"09.37.2a, b",90373,Costume Institute,Earrings,Earrings,"European, Eastern",,,,,,,,,,,,,18th century–19th century,1700,1899,metal,,"Rogers Fund, 1909",,,,,,,,,,,,,,http://www.metmuseum.org/art/collection/search/90373,5/13/2019 8:00,"Metropolitan Museum of Art, New York, NY",Earrings
1975.145.6,96100,Costume Institute,Evening dress,Evening dress,French,,,,,Designer,,Pierre Cardin,"French, born San Biagio di Callalta, Italy, 1922",,"French, born Italy",2/7/1922,2022,1966–67,1966,1967,[no medium available],,"Gift of Mrs. William Rand, 1975",,,,,,,,,,,,,,http://www.metmuseum.org/art/collection/search/96100,5/13/2019 8:00,"Metropolitan Museum of Art, New York, NY",Dresses
X.278,98251,Costume Institute,Cap,Cap,probably French,,,,,,,,,,,,,19th century,1800,1899,wool,,Museum Accession,,,,,,,,,,,,,,http://www.metmuseum.org/art/collection/search/98251,5/13/2019 8:00,"Metropolitan Museum of Art, New York, NY",
1981.151.23,100359,Costume Institute,Hat,Hat,French,,,,,Designer|Design House,,Christian Dior|House of Dior,"French, Granville 1905–1957 Montecatini|French, founded 1947",,French|French,1905      |1947      ,1957      |9999      ,1949,1949,1949,"wool, cotton",,"Gift of Mary S. Ryan, 1981",,,,,,,,,,,,,,http://www.metmuseum.org/art/collection/search/100359,5/13/2019 8:00,"Metropolitan Museum of Art, New York, NY",Hats
1981.151.23,100359,Costume Institute,Hat,Hat,French,,,,,Designer|Design House,,Christian Dior|House of Dior,"French, Granville 1905–1957 Montecatini|French, founded 1947",,French|French,1905      |1947      ,1957      |9999      ,1949,1949,1949,"wool, cotton",,"Gift of Mary S. Ryan, 1981",,,,,,,,,,,,,,http://www.metmuseum.org/art/collection/search/100359,5/13/2019 8:00,"Metropolitan Museum of Art, New York, NY",Hats
"1977.287.19a, b",114490,Costume Institute,Mules,Mules,American,,,,,Design House,,Herbert Levine Inc.,"American, founded 1949",,American,1949,9999,1959,1959,1959,"leather, wood, metal glass",,"Gift of Beth and Herbert Levine, 1977",,,,,,,,,,,,,,http://www.metmuseum.org/art/collection/search/114490,5/13/2019 8:00,"Metropolitan Museum of Art, New York, NY",
"1980.185.7a, b",119757,Costume Institute,Gloves,Gloves,probably French,,,,,,,,,,,,,1950s,1950,1959,leather,,"Gift of Mrs. Stowe C. Phelps, 1980",,,,,,,,,,,,,,http://www.metmuseum.org/art/collection/search/119757,5/13/2019 8:00,"Metropolitan Museum of Art, New York, NY",Gloves
C.I.39.91.1a–d,127104,Costume Institute,Ensemble,Ensemble,Romanian,,,,,,,,,,,,,1800–1939,1800,1939,"linen, wool",,"Gift of Miss Irene Lewisohn and Alice Lewisohn Crowley, 1939",,,,,,,,,,,,,,http://www.metmuseum.org/art/collection/search/127104,5/13/2019 8:00,"Metropolitan Museum of Art, New York, NY",
"2006.253.17a, b",129839,Costume Institute,Ensemble,Ensemble,British,,,,,Designer|Designer,,Vivienne Westwood|Malcolm McLaren,"British, born 1941|British, London 1946–2010 Switzerland",,British|British,1941      |1946-01-22,2041      |2010-04-08,1976–80,1976,1980,"a) leather; b) leather, metal",,"Purchase, Richard Martin Bequest and Friends of The Costume Institute Gifts, 2006",,,,,,,,,,,,,,http://www.metmuseum.org/art/collection/search/129839,5/13/2019 8:00,"Metropolitan Museum of Art, New York, NY",
2017.113.336,145237,Costume Institute,Necklace,Necklace,American,,,,,Designer,,Giorgio di Sant'Angelo,"American, born Italy, 1933–1989",,,1933,1989,1967,1967,1967,"synthetic, metal",,"Gift of Martin F. Price, 2017",,,,,,,,,,,,,,http://www.metmuseum.org/art/collection/search/145237,5/13/2019 8:00,"Metropolitan Museum of Art, New York, NY",Necklaces
2008.311,146150,Costume Institute,Jacket,Jacket,American,,,,,Designer,,Rick Owens,"American, born 1961",,American,1961,2061,fall/winter 2003–4,2003,2004,"leather, wool",,"Catharine Breyer Van Bomel Foundation Fund, 2008",,,,,,,,,,,,,,http://www.metmuseum.org/art/collection/search/146150,5/13/2019 8:00,"Metropolitan Museum of Art, New York, NY",Jackets
2009.300.4351,168579,Costume Institute,Chemisette,Chemisette,American,,,,,,,,,,,,,fourth quarter 19th century,1875,1899,Cotton,,"Brooklyn Museum Costume Collection at The Metropolitan Museum of Art, Gift of the Brooklyn Museum, 2009; Gift of Louise M. Coleman, 1941",,,,,,,,,,,,,,http://www.metmuseum.org/art/collection/search/168579,5/13/2019 8:00,"Metropolitan Museum of Art, New York, NY",
2009.300.4588,168781,Costume Institute,Fan,Fan,European,,,,,,,,,,,,,fourth quarter 18th century,1776,1799,"Ivory, paper",,"Brooklyn Museum Costume Collection at The Metropolitan Museum of Art, Gift of the Brooklyn Museum, 2009; Gift of George Arents in memory of Annie Walter Arents, 1949",,,,,,,,,,,,,,http://www.metmuseum.org/art/collection/search/168781,5/13/2019 8:00,"Metropolitan Museum of Art, New York, NY",Putti|Children|Women
"2009.300.5715a, b",169926,Costume Institute,Undersleeves,Undersleeves,American,,,,,,,,,,,,,ca. 1850,1848,1852,Linen,,"Brooklyn Museum Costume Collection at The Metropolitan Museum of Art, Gift of the Brooklyn Museum, 2009; Gift of The Jason and Peggy Westerfield Collection, 1969",,,,,,,,,,,,,,http://www.metmuseum.org/art/collection/search/169926,5/13/2019 8:00,"Metropolitan Museum of Art, New York, NY",
"2009.300.5836a, b",170041,Costume Institute,Evening shoes,Evening shoes,American,,,,,Manufacturer,,J. & J. Slater,American,,American,,,1938–43,1938,1943,"Leather, metallic",,"Brooklyn Museum Costume Collection at The Metropolitan Museum of Art, Gift of the Brooklyn Museum, 2009; Gift of Colonel and Mrs. Horace Figuers, 1973",,,,,,,,,,,,,,http://www.metmuseum.org/art/collection/search/170041,5/13/2019 8:00,"Metropolitan Museum of Art, New York, NY",
"2009.300.7375a, b",174460,Costume Institute,Ensemble,Ensemble,American,,,,,Maker,,F. L. Dunne & Company,American,,American,,,1950,1950,1950,Wool,,"Brooklyn Museum Costume Collection at The Metropolitan Museum of Art, Gift of the Brooklyn Museum, 2009; Gift of Mrs. Albert Ogden in memory of Sheldon Stewart, 1964",,,,,,,,,,,,,,http://www.metmuseum.org/art/collection/search/174460,5/13/2019 8:00,"Metropolitan Museum of Art, New York, NY",
93.13.85–.87,187639,European Sculpture and Decorative Arts,Knife and fork with case,Knife and fork with case,possibly Greek,,,,,,,,,,,,,first half 18th century,1700,1750,"Steel, silver, niello; case:  leather, silver, niello",Length (case .85): 6 7/8 in. (17.5 cm);Length (knife .86): 6 7/8 in. (17.5 cm);Length (fork .87): 6 1/8 in. (15.6 cm),"Gift of R. Stuyvesant, 1893",,,,,,,,,,,,Metalwork-Steel,,http://www.metmuseum.org/art/collection/search/187639,5/13/2019 8:00,"Metropolitan Museum of Art, New York, NY",Cutlery
07.225.510.461a–e,190199,European Sculpture and Decorative Arts,Swags,Set of five swags,French,,,,,,,,,,,,,18th century,1700,1799,Gilt bronze,Length (.461a): 4 1/2 in. (11.4 cm);Length (.461b): 4 1/4 in. (10.8 cm);Length (.461c): 3 7/8 in. (9.8 cm);Length (.461d): 4 1/2 in. (11.4 cm);Length (.461e): 7 1/2 in. (19.1 cm),"Gift of J. Pierpont Morgan, 1906",,,,,,,,,,,,Metalwork-Gilt Bronze,,http://www.metmuseum.org/art/collection/search/190199,5/13/2019 8:00,"Metropolitan Museum of Art, New York, NY",
"20.62.1a, b",194582,European Sculpture and Decorative Arts,Jug with cover,Jug with cover,"German, Silesia (Bunzlau)",,,,,,,,,,,,,ca. 1760,1755,1765,Stoneware,Height: 6 1/2 in. (16.5 cm),"Gift of Mrs. Robert W. de Forest, 1920",,,,,,,,,,,,Ceramics-Pottery,,http://www.metmuseum.org/art/collection/search/194582,5/13/2019 8:00,"Metropolitan Museum of Art, New York, NY",Flowers|Leaves|Jugs
39.78,198408,European Sculpture and Decorative Arts,Plaque,Marriage of Peleus and Thetis,"Italian, Venice",,,,,Artist,,Alessandro Vittoria (Alessandro Vittoria di Vigilio della Volpa),"Italian, 1525–1608",,Italian,1525,1608,ca. 1575,1570,1580,Bronze,15 × 9 3/8 in. (38.1 × 23.8 cm),"Samuel D. Lee Fund, 1939",,,,,,,,,,,,Sculpture-Bronze,,http://www.metmuseum.org/art/collection/search/198408,5/13/2019 8:00,"Metropolitan Museum of Art, New York, NY",Men|Greek Deities|Greek Figures
48.187.422,200381,European Sculpture and Decorative Arts,Snuffbox,Snuffbox,"German, Hanau",,,,,Maker|Maker|Maker,Possibly|and|Partnership of,Les Frères Toussaint|Pierre-Etienne Toussaint|Charles Toussaint,"French, active Hanau, registered 1752|French, active Hanau, 1726–1805|French, active Hanau, 1720–1790",,,1726      |1720      ,1805      |1790      ,1770–80,1770,1780,Gold,Overall: 1 1/2 × 2 3/8 × 3 1/8 in. (3.8 × 6 × 7.9 cm),"Bequest of Catherine D. Wentworth, 1948",,,,,,,,,,,,Metalwork-Gold and Platinum,,http://www.metmuseum.org/art/collection/search/200381,5/13/2019 8:00,"Metropolitan Museum of Art, New York, NY",Fruit|Women
"53.71.38a–p, aa–pp, r",201480,European Sculpture and Decorative Arts,Chess set,Chess set,probably German,,,,,,,,,,,,,19th century,1800,1899,Metal,Height (each king): 2 3/4 in. (7 cm);Height (each pawn): 1 1/2 in. (3.8 cm);Overall (original box): 1 1/2 × 10 3/4 × 10 in. (3.8 × 27.3 × 25.4 cm),"Gift of Gustavus A. Pfeiffer, 1953",,,,,,,,,,,,Chess Sets,,http://www.metmuseum.org/art/collection/search/201480,5/13/2019 8:00,"Metropolitan Museum of Art, New York, NY",
"64.101.684a, b",203525,European Sculpture and Decorative Arts,Toy,Partridges in wheatsheaf,"British, Chelsea",,,,,Factory,,Chelsea Porcelain Manufactory,"British, 1745–1784, Red Anchor Period, ca. 1753–58",,,1745,1784,ca. 1755,1750,1760,Soft-paste porcelain,Overall: 4 1/2 × 3/4 in. (11.4 × 1.9 cm),"Gift of Irwin Untermyer, 1964",,,,,,,,,,,,Ceramics-Porcelain,,http://www.metmuseum.org/art/collection/search/203525,5/13/2019 8:00,"Metropolitan Museum of Art, New York, NY",Birds|Flowers|Leaves
07.23.108,211642,European Sculpture and Decorative Arts,Souvenir spoon,Souvenir spoon,European,,,,,,,,,,,,,late 19th century,1885,1899,Gilt and enamel,Length: 4 5/8 in. (11.7 cm),"Gift of Sir William H. Redding, in memory of his wife, 1907",,,,,,,,,,,,Metalwork-Silver,,http://www.metmuseum.org/art/collection/search/211642,5/13/2019 8:00,"Metropolitan Museum of Art, New York, NY",
09.68.145,218086,European Sculpture and Decorative Arts,Border,Border,"Italian, Venice",,,,,,,,,,,,,17th century,1600,1699,Needle lace,L. 38 1/2 x W. 2 1/2 inches97.8 x 6.4 cm,"Purchase by subscription, 1909",,,,,,,,,,,,Textiles-Laces,,http://www.metmuseum.org/art/collection/search/218086,5/13/2019 8:00,"Metropolitan Museum of Art, New York, NY",
09.68.395,218343,European Sculpture and Decorative Arts,Fragment,Fragment,Spanish,,,,,,,,,,,,,early 19th century,1800,1815,Machine net,50 x 3 1/2in. (127 x 8.9cm),"Purchase by subscription, 1909",,,,,,,,,,,,Textiles-Laces,,http://www.metmuseum.org/art/collection/search/218343,5/13/2019 8:00,"Metropolitan Museum of Art, New York, NY",Flowers
36.130.37,226057,European Sculpture and Decorative Arts,Borders,Borders,French,,,,,,,,,,,,,early 18th century,1700,1815,Needle lace,L. 33 x W. 3 1/4 inches83.8 x 8.3 cm,"Gift of Ann Payne Blumenthal, 1936",,,,,,,,,,,,Textiles-Laces,,http://www.metmuseum.org/art/collection/search/226057,5/13/2019 8:00,"Metropolitan Museum of Art, New York, NY",Flowers
1976.290.2,229526,European Sculpture and Decorative Arts,Panel,Panel,French,,,,,,,,,,,,,1775–80,1775,1780,Silk,L. 108 x W. 43 inches (plus 1 in. fringe on all sides)274.3 x 109.2 cm,"Gift of Mrs. Janet S. Kaffenburgh in memory of her grandmother Mrs. Joseph Garson of Rochester, N.Y., 1976",,,,,,,,,,,,Textiles-Woven,,http://www.metmuseum.org/art/collection/search/229526,5/13/2019 8:00,"Metropolitan Museum of Art, New York, NY",Flowers
2009.286,236638,European Sculpture and Decorative Arts,Plaque,Head described as that of Saint James the Elder,German,,,,,Artist,,Georg Wilhelm Vestner,"German, Schweinfurth 1677–1740 Nuremberg",,,1677,1740,19th century,1800,1899,Iron,Overall: 4 1/4 × 3 1/4 in. (10.8 × 8.3 cm),"Gift of Martin and Roberta Lerner, 2009",,,,,,,,,,,,Medals and Plaquettes,,http://www.metmuseum.org/art/collection/search/236638,5/13/2019 8:00,"Metropolitan Museum of Art, New York, NY",Men|Profiles|Saints
74.51.1592,241148,Greek and Roman Art,Statuette of a seated goddess,Terracotta statuette of a seated goddess,Cypriot,Early Hellenistic,,,,,,,,,,,,late 4th–early 3rd century B.C.,-325,-275,Terracotta,H. 5 3/4 in. (14.6 cm),"The Cesnola Collection, Purchased by subscription, 1874–76",,,,,,,,,,,,Terracottas,,http://www.metmuseum.org/art/collection/search/241148,5/13/2019 8:00,"Metropolitan Museum of Art, New York, NY",Goddess
74.51.5392,244271,Greek and Roman Art,Axehead,Axehead,Cypriot,Early Bronze Age,,,,,,,,,,,,ca. 3200–2000 B.C.,-3200,-2000,Bronze,Other: 4 1/16in. (10.3cm),"The Cesnola Collection, Purchased by subscription, 1874–76",,,,,,,,,,,,Bronzes,,http://www.metmuseum.org/art/collection/search/244271,5/13/2019 8:00,"Metropolitan Museum of Art, New York, NY",
96.9.313,246324,Greek and Roman Art,"Fibula, boat-shaped type","Fibula, boat-shaped type",Italic,,,,,,,,,,,,,8th–6th century B.C.,-800,-501,Bronze,Other: 1 1/2 in. (3.8 cm),"Purchase, 1896",,,,,,,,,,,,Bronzes,,http://www.metmuseum.org/art/collection/search/246324,5/13/2019 8:00,"Metropolitan Museum of Art, New York, NY",
19.45.3,250722,Greek and Roman Art,"Statuette of a woman, seated",Terracotta statuette of a seated woman,"Greek, Attic",Archaic,,,,,,,,,,,,late 6th–early 5th century B.C.,-524,-475,Terracotta,H. 3 15/16 in. (10 cm),"Gift of Henry S. Washington, 1919",,,,,,,,,,,,Terracottas,,http://www.metmuseum.org/art/collection/search/250722,5/13/2019 8:00,"Metropolitan Museum of Art, New York, NY",
26.31.223,252173,Greek and Roman Art,Seal,Jasper amygdaloid seal,Minoan,Late Minoan I,,,,,,,,,,,,ca. 1600–1450 B.C.,-1600,-1450,Jasper,L. 1.8 cm; W. 1.4 cm,"Bequest of Richard B. Seager, 1926",,,,,,,,,,,,Gems,,http://www.metmuseum.org/art/collection/search/252173,5/13/2019 8:00,"Metropolitan Museum of Art, New York, NY",Animals|Seals|Vases
26.31.271,252221,Greek and Roman Art,Seal,Seal,"Minoan, Crete",,,,,,,,,,,,,,-2000,-1450,Haemaetite,Other: 7/16 x 13/16 x 1/4 in. (1.1 x 2.1 x 0.7 cm),"Bequest of Richard B. Seager, 1926",,,,,,,,,,,,Gems,,http://www.metmuseum.org/art/collection/search/252221,5/13/2019 8:00,"Metropolitan Museum of Art, New York, NY",
1981.1131.1,262991,Photographs,Photograph,[Detail of Vanitas Figures Carved on the Choir Stalls at Amiens Cathedral],,,,,,Artist,,Unknown,French,,,,,1860s,1860,1869,Albumen silver print from glass negative,29.7 x 26.4 cm. (11  11/16  x 10  3/8  in.),"Gift of Lucien Goldschmidt, 1981",,,,,,,,,,,,Photographs,,http://www.metmuseum.org/art/collection/search/262991,5/13/2019 8:00,"Metropolitan Museum of Art, New York, NY",
1983.1002.6,263514,Photographs,Photograph,Robert Motherwell,,,,,,Artist,,Timothy Greenfield-Sanders,"American, born 1952",,American,1952,,1981,1981,1981,Gelatin silver print,,"Gift of the artist, 1983",,,,,,,,,,,,Photographs,,http://www.metmuseum.org/art/collection/search/263514,5/13/2019 8:00,"Metropolitan Museum of Art, New York, NY",
1987.1183.3,265758,Photographs,Photograph,[Graffiti on Backstage Door of the School of American Ballet],,,,,,Artist,,Walker Evans,"American, St. Louis, Missouri 1903–1975 New Haven, Connecticut",,American,1903,1975,1945,1945,1945,Gelatin silver print,23.9 x 30.5 cm. (9  7/16  x 12  in.),"Gift of Paul F. Walter, in memory of Christopher Hemphill, 1987",,,,,,,,,,,,Photographs,"© Walker Evans Archive, The Metropolitan Museum of Art",http://www.metmuseum.org/art/collection/search/265758,5/13/2019 8:00,"Metropolitan Museum of Art, New York, NY",Human Figures|Doors|Dancing
1989.1143,266167,Photographs,Photograph,[Study of Australian Grapes],,,,,,Artist,,Unknown,French,,,,,ca. 1860,1858,1862,Albumen silver print from glass negative,34.7 x 23.7 cm (13 11/16 x 9 5/16 in. ),"Purchase, The Horace W. Goldsmith Foundation Gift, through Joyce and Robert Menschel, 1989",,,,,,,,,,,,Photographs,,http://www.metmuseum.org/art/collection/search/266167,5/13/2019 8:00,"Metropolitan Museum of Art, New York, NY",
54.549.66,269735,Photographs,Photograph,Sous bois,,,,,,Artist,,Léonard Misonne,"Belgian, 1870–1943",,Belgian,1870,1943,1922,1922,1922,Bromoil print,,"Gift of Clarence McK. Lewis, 1954",,,,,,,,,,,,Photographs,,http://www.metmuseum.org/art/collection/search/269735,5/13/2019 8:00,"Metropolitan Museum of Art, New York, NY",
47.62.3,271904,Photographs,Glass positive,Margaret Eakins,,,,,,Artist,,Thomas Eakins,"American, Philadelphia, Pennsylvania 1844–1916 Philadelphia, Pennsylvania",,American,1844,1916,1880s,1880,1889,Glass positive ,,"Gift of Charles Bregler, 1947",,,,,,,,,,,,Transparencies,,http://www.metmuseum.org/art/collection/search/271904,5/13/2019 8:00,"Metropolitan Museum of Art, New York, NY",Portraits|Women
1994.254.26,273592,Photographs,Negative,[Peggy Bacon],,,,,,Artist,,Walker Evans,"American, St. Louis, Missouri 1903–1975 New Haven, Connecticut",,American,1903,1975,1934,1934,1934,Film negative,4 x 5 in.,"Walker Evans Archive, 1994",,,,,,,,,,,,Negatives,"© Walker Evans Archive, The Metropolitan Museum of Art",http://www.metmuseum.org/art/collection/search/273592,5/13/2019 8:00,"Metropolitan Museum of Art, New York, NY",Portraits|Women
1994.253.166,276937,Photographs,Negative,"[Two 35mm Film Frames: Boys Playing on Stoop Near Elevated Train Tracks, New York City]",,,,,,Artist,,Walker Evans,"American, St. Louis, Missouri 1903–1975 New Haven, Connecticut",,American,1903,1975,1933–34,1933,1934,Film negative,35mm,"Walker Evans Archive, 1994",,,,,,,,,,,,Negatives,"© Walker Evans Archive, The Metropolitan Museum of Art",http://www.metmuseum.org/art/collection/search/276937,5/13/2019 8:00,"Metropolitan Museum of Art, New York, NY",Buildings|Railways|Boys
2005.100.516,286197,Photographs,Photograph,"Rouen, Place Eau-de-Robec",,,,,,Artist,,Eugène Atget,"French, Libourne 1857–1927 Paris",,French,1857-02-02,4/8/1927,1908,1908,1908,Matte albumen silver print from glass negative,Image: 22.7 x 17.4 cm (8 15/16 x 6 7/8 in.)Sheet: 22.9 × 17.7 cm (9 in. × 6 15/16 in.),"Gilman Collection, Purchase, Sam Salz Foundation Gift, 2005",,,,,,,,,,,,Photographs,,http://www.metmuseum.org/art/collection/search/286197,5/13/2019 8:00,"Metropolitan Museum of Art, New York, NY",Doors|Girls
1978.412.1023,311479,"Arts of Africa, Oceania, and the Americas",Horn,Horn,Asmat people,,,,,,,,,,,,,mid-20th century,1900,2000,Bamboo,H. 17 in. (43.2 cm),"The Michael C. Rockefeller Memorial Collection; Gift of Nelson A. Rockefeller and Mrs. Mary C. Rockefeller, 1965",,,,Papua Province (Irian Jaya),Indonesia,,,,,,,Wood-Musical Instruments,,http://www.metmuseum.org/art/collection/search/311479,5/13/2019 8:00,"Metropolitan Museum of Art, New York, NY",Horns
1979.206.477,312687,"Arts of Africa, Oceania, and the Americas",Snake figure,Coiled Serpent,Aztec,,,,,,,,,,,,,15th–16th century,1400,1600,"Stone, pigment",H.14 x W. 12 1/4 x D. 12 3/8 in. (35.6 x 31.1 x 31.5 cm),"The Michael C. Rockefeller Memorial Collection, Bequest of Nelson A. Rockefeller, 1979",,,,,Mexico,Mesoamerica,,,,,,Stone-Sculpture,,http://www.metmuseum.org/art/collection/search/312687,5/13/2019 8:00,"Metropolitan Museum of Art, New York, NY",Serpents
1979.206.842,313019,"Arts of Africa, Oceania, and the Americas",Pendant,Figure Pendant,Atlantic Watershed,,,,,,,,,,,,,4th–8th century,300,800,Jadeite,H. 2 7/8 x W. 1 5/8 x D. 3/8 in. (7.3 x 4.1 x 1cm),"The Michael C. Rockefeller Memorial Collection, Bequest of Nelson A. Rockefeller, 1979",,,,,Costa Rica,,,,,,,Stone-Ornaments|Jade,,http://www.metmuseum.org/art/collection/search/313019,5/13/2019 8:00,"Metropolitan Museum of Art, New York, NY",Human Figures|Pendants
1992.408.5,316760,"Arts of Africa, Oceania, and the Americas",Painting,Painting,Abelam people,,,,,,,,,,,,,mid-20th century,1900,2000,"Paper, paint",Height 30-1/2 in.,"Gift of Lita Osmundsen, 1992",,,,,Papua New Guinea,Prince Alexander Mountains,,,,,Middle Sepik River,Paper-Paintings,,http://www.metmuseum.org/art/collection/search/316760,5/13/2019 8:00,"Metropolitan Museum of Art, New York, NY",Abstraction
1992.408.5,316760,"Arts of Africa, Oceania, and the Americas",Painting,Painting,Abelam people,,,,,,,,,,,,,mid-20th century,1900,2000,"Paper, paint",Height 30-1/2 in.,"Gift of Lita Osmundsen, 1992",,,,,Papua New Guinea,Prince Alexander Mountains,,,,,Middle Sepik River,Paper-Paintings,,http://www.metmuseum.org/art/collection/search/316760,5/13/2019 8:00,"Metropolitan Museum of Art, New York, NY",Abstraction
1994.35.185,317005,,Cloth,Carrying Cloth,Quechua,,,,,,,,,,,,,20th century,1900,2000,Camelid hair,H. 27 x W. 22 in. (68.6 x 55.9 cm),"Bequest of Arthur M. Bullowa, 1993  ",,,,,Peru,,,,,,,Textiles-Woven,,http://www.metmuseum.org/art/collection/search/317005,5/13/2019 8:00,"Metropolitan Museum of Art, New York, NY",Textiles
1994.35.276,317135,"Arts of Africa, Oceania, and the Americas",Ritual stone,Stone Pulidor,Mexican,,,,,,,,,,,,,before 16th century,1200,1600,Stone,Length 1-7/16 in.,"Bequest of Arthur M. Bullowa, 1993  ",,,,,Mexico,Mesoamerica,,,,,,Stone-Implements,,http://www.metmuseum.org/art/collection/search/317135,5/13/2019 8:00,"Metropolitan Museum of Art, New York, NY",Tools and Equipment
1999.47.153b,319532,"Arts of Africa, Oceania, and the Americas",Costume element,Ceremonial Costume Element,Timor,,,,,,,,,,,,,late 19th–early 20th century,1850,1950,"Cotton, glass beads",Width 17-1/2 in.,"Bequest of John B. Elliott, 1997",,,,East Nusa Tenggara,Indonesia,Timor island,,,,,,Textiles-Costumes,,http://www.metmuseum.org/art/collection/search/319532,5/13/2019 8:00,"Metropolitan Museum of Art, New York, NY",Textiles
38.40.327,323644,Ancient Near Eastern Art,Sherd,Sherd,Iran,Chalcolithic–Early Bronze Age,,,,,,,,,,,,ca. 3500-3100 B.C.,-3505,-3100,"Ceramic, paint",2.6 x 0.39 in. (6.6 x 0.99 cm),"Rogers Fund, 1938",,,,,,Iran,Nishapur,,,,,Ceramics-Vessels,,http://www.metmuseum.org/art/collection/search/323644,5/13/2019 8:00,"Metropolitan Museum of Art, New York, NY",Architectural Fragments
65.64,325714,Ancient Near Eastern Art,Sculpture,Bird standard,,Early Bronze Age,,,,,,,,,,,,ca. mid-3rd millennium B.C.,-2500,-2500,Copper alloy,5 x 8.19 x 3.35 in. (12.7 x 20.8 x 8.51 cm),"Purchase, Schimmel Foundation Inc. Gift, 1965",,,,,,Southeastern Iran,,,,,,Metalwork-Sculpture,,http://www.metmuseum.org/art/collection/search/325714,5/13/2019 8:00,"Metropolitan Museum of Art, New York, NY",Birds
1985.356.45,327150,Ancient Near Eastern Art,Bead,Bead,,Neolithic,,,,,,,,,,,,7th–6th millennium B.C.,-7000,-5000,Calcite,0.28 x 0.62 x 0.89 in. (0.71 x 1.57 x 2.26 cm),"Gift of Sheldon and Barbara Breitbart, 1985",,,,,,Syria,,,,,,Stone-Ornaments,,http://www.metmuseum.org/art/collection/search/327150,5/13/2019 8:00,"Metropolitan Museum of Art, New York, NY",Beads
41.12.93,339097,Drawings and Prints,Print; Poster,New York Ledger: Bicycle Number,,,,,,Artist|Publisher,,Henry Brevoort Eddy|New York Ledger,"American, New York 1872–1935 Rye, New York|American, 1855–1898",,American,1872      |1855      ,1935      |1898      ,1895,1895,1895,Lithograph,Sheet: 13 9/16 × 16 1/4 in. (34.5 × 41.2 cm)Image: 11 1/2 × 13 7/8 in. (29.2 × 35.3 cm),"Gift of Bessie Potter Vonnoh, 1941",,,,,,,,,,,,Prints|Posters,,http://www.metmuseum.org/art/collection/search/339097,5/13/2019 8:00,"Metropolitan Museum of Art, New York, NY",Human Figures|Birds|Journals|Dogs
64.38.3,339407,Drawings and Prints,Drawing,Figure Studies,,,,,,Artist,,Giovanni Battista Tiepolo,"Italian, Venice 1696–1770 Madrid",,Italian,1696,1770,1696–1770,1696,1770,"Pen and brown ink, over black chalk, on beige paper",9-7/8 x 13-7/16 in.  (25.1 x 34.1 cm),"Rogers Fund, 1964",,,,,,,,,,,,Drawings,,http://www.metmuseum.org/art/collection/search/339407,5/13/2019 8:00,"Metropolitan Museum of Art, New York, NY",
27.78.1(406),341146,Drawings and Prints,Print,Reciprocated Love,,,,,,Artist,,Agostino Carracci,"Italian, Bologna 1557–1602 Parma",,Italian,1557,1602,ca. 1589–95,1584,1600,Engraving,8 9/16 x 11 5/8 in.  (21.8 x 29.6 cm),"Harris Brisbane Dick Fund, 1927",,,,,,,,,,,,Prints,,http://www.metmuseum.org/art/collection/search/341146,5/13/2019 8:00,"Metropolitan Museum of Art, New York, NY",
26.70.4(66),341485,Drawings and Prints,Print,"Rest on the flight into Egypt, Mary holding and looking at the infant Christ while St. Joseph reads",,,,,,Artist,,Simone Cantarini,"Italian, Pesaro 1612–1648 Verona",,Italian,1612,1648,ca. 1637,1632,1642,Etching,Sheet (Trimmed): 3 1/4 in. × 5 in. (8.3 × 12.7 cm),"Harris Brisbane Dick Fund, 1926",,,,,,,,,,,,Prints,,http://www.metmuseum.org/art/collection/search/341485,5/13/2019 8:00,"Metropolitan Museum of Art, New York, NY",Reading|Christ|Saint Joseph|Virgin Mary
1987.1141,345964,Drawings and Prints,Book,Meubles Modernes,,,,,,Artist|Manufacturer|Publisher|Lithographer|Manufacturer|Manufacturer,Manufactured by|Published by|Lithographed by|Manufactured by|Manufactured by,L. Bertin|Lucas et Maugery|Ch. Juliot|E. Juliot|Carde|Bouvet,French|French|French|French|French,,French|French|French|French|French|French,,,[ca. 1875–90],1875,1890,Chromolithography,Overall: 17 1/8 x 13 3/16 x 9/16 in. (43.5 x 33.5 x 1.5 cm),"A. Hyatt Mayor Purchase Fund, Marjorie Phelps Starr Bequest, 1987",,Paris,,,,,,,,,,Books,,http://www.metmuseum.org/art/collection/search/345964,5/13/2019 8:00,"Metropolitan Museum of Art, New York, NY",
41.102.4,346186,Drawings and Prints,Book,Blossoms of Childhood,,,,,,Publisher|Author|Engraver,,"General Protestant Episcopal Sunday School Union, and Church Book Society|A Mother|Childs","New York, NY|American, 19th century|American, active mid-19th century",,American|American|American,1800      |1820      |1830      ,1900      |1860      |1850      ,1840,1840,1840,Illustrations: wood engraving,6 x 4 x 1/2 in. (15.3 x 10.2 x 1.2 cm),"Anonymous Gift, 1941",,New York,,,,,,,,,,Books,,http://www.metmuseum.org/art/collection/search/346186,5/13/2019 8:00,"Metropolitan Museum of Art, New York, NY",
64.629.3,347789,Drawings and Prints,Book,"The Comical History of Lord Flutter, Lord Spindle and Sir Harry Hopscotch; or, the Bee, the Wasp, and the Ant",,,,,,Publisher,,Arthur Park,London,,British,1800,1900,19th century,1800,1900,"Wood engraving, hand colored",9 15/16 x 6 11/16 x 3/16 in. (25.2 x 17 x 0.4 cm),"Gift of Lincoln Kirstein, 1964",,London,,,,,,,,,,Books,,http://www.metmuseum.org/art/collection/search/347789,5/13/2019 8:00,"Metropolitan Museum of Art, New York, NY",
60.609.67,350011,Drawings and Prints,Book,"Seamless Plain Solid Gold Rings, Engraved Rings, Diamond Rings, Mountings, Ladies' Stone Rings, Chains, Diamond Cutters",,,,,,Author,,J. R. Wood & Sons,"New York, NY",,American,1850,1900,Spring 1902,1902,1902,Illustrations: photomechanical process,8 x 5 1/2 in. (20.3 x 14 cm),"The Elisha Whittelsey Collection, The Elisha Whittelsey Fund, 1960",,,,,,,,,,,,Books,,http://www.metmuseum.org/art/collection/search/350011,5/13/2019 8:00,"Metropolitan Museum of Art, New York, NY",
1986.1110.1,350542,Drawings and Prints,Book,"Performing Tea Ceremony, The Miyako Odori for 1935, and eight stage sets",,,,,,Author,,"The Gion Dancing and Music School, Kyoto",,,Japanese,1850,2050,ca. 1935,1930,1940,Illustrations: photographic method and color prints,5 × 7 1/4 in. (12.7 × 18.4 cm),"Gift of Lincoln Kirstein, 1986",,,,,,,,,,,,Books,,http://www.metmuseum.org/art/collection/search/350542,5/13/2019 8:00,"Metropolitan Museum of Art, New York, NY",
63.628.5,353752,Drawings and Prints,Book,Plates in Missel de Notre-Dame de France,,,,,,Engraver|Artist|Publisher,After|Published by,Jules Massard|Ludovic Mouchot|Alfred Mame et Fils,French,", Tours",French|French?|French,,,1899,1899,1899,,,"The Elisha Whittelsey Collection, The Elisha Whittelsey Fund, 1963",,,,,,,,,,,,Books,,http://www.metmuseum.org/art/collection/search/353752,5/13/2019 8:00,"Metropolitan Museum of Art, New York, NY",
62.688.2,355115,Drawings and Prints,Book,"Exposition Lorraine. L'École de Nancy au Musée de l'Union Centrale des Arts Décoratifs. Pavillon de Marsan, A Paris. Ier Série: Le Moblier",,,,,,Editor|Publisher,Edited by|Published by,Armand Guérinet|Librairie d'Architecture et d'Art Décoratif,"French, active ca. 1890–1920",,French|French,1890,1925,[ca. 1905],1900,1910,Heliotype print,Overall: 14 1/2 x 12 3/16 x 1 7/16 in. (36.8 x 31 x 3.7 cm),"The Elisha Whittelsey Collection, The Elisha Whittelsey Fund, 1962",,Paris,,,,,,,,,,Books,,http://www.metmuseum.org/art/collection/search/355115,5/13/2019 8:00,"Metropolitan Museum of Art, New York, NY",
66.542.18,357808,Drawings and Prints,Book,Enoch Arden,,,,,,Author|Illustrator|Publisher|Artist|Engraver|Engraver|Printer,Frontispiece after medallion by|Frontispiece medallion by,Alfred Tennyson|Arthur Hughes|Edward Moxon & Company|Thomas Woolner|John H. Baker|Thomas Bolton|Bradbury & Evans,"British, Somersby, Lincolnshire 1809–1892 Surrey|British, London 1832–1915 Kew Green|London|British, Hadleigh, Suffolk 1825–1892 London|British, 1829–1872 circa|British, active 1851–94",,British|British|British|British|British|British|British,1809      |1832      |1800      |1825      |1829      |1851      |1830      ,1892      |1915      |1899      |1892      |1872      |1894      |1930      ,1866,1866,1866,Illustrations: wood engraving,8 7/8 x 6 15/16 x 7/8 in. (22.5 x 17.6 x 2.2 cm),"The Elisha Whittelsey Collection, The Elisha Whittelsey Fund, 1966",,,,,,,,,,,,Books,,http://www.metmuseum.org/art/collection/search/357808,5/13/2019 8:00,"Metropolitan Museum of Art, New York, NY",
49.92.13,360463,Drawings and Prints,Drawing,"St. Peter's, exterior, tabernacle, elevation and section at base with details of pedestal and railing, (recto)St. Peter's, exterior, tabernacle, elevation and section at arched opening (verso)",,,,,,Draftsman,Drawn by,"Anonymous, French, 16th century",,,French,1500,1600,early to mid-16th century ,1500,1560,"Dark brown ink, black chalk, and incised lines",sheet: 11 5/8 x 17 1/2 in. (29.5 x 44.5 cm),"Gift of Janos Scholz and Anne Bigelow Scholz, in memory of Flying Officer Walter Bigelow Rosen, RCAF, 1949",,,,,,,,,,,,Drawings,,http://www.metmuseum.org/art/collection/search/360463,5/13/2019 8:00,"Metropolitan Museum of Art, New York, NY",Architecture|Columns|Documents
17.50.18-175,360750,Drawings and Prints,Print,Head of a muscular old man in profile to left with flowing hair,,,,,,Artist|Etcher,After,Leonardo da Vinci|Wenceslaus Hollar,"Italian, Vinci 1452–1519 Amboise|Bohemian, Prague 1607–1677 London",,Italian|Bohemian,1452      |1607      ,1519      |1677      ,1625–77,1677,1625,Etching; only state,Sheet (trimmed to plate edge): 2 3/4 × 2 1/8 in. (7 × 5.4 cm),"Purchase, Joseph Pulitzer Bequest, 1917",,,,,,,,,,,,Prints,,http://www.metmuseum.org/art/collection/search/360750,5/13/2019 8:00,"Metropolitan Museum of Art, New York, NY",Heads|Men|Profiles
60.591.5,363070,Drawings and Prints,Print,"View of the Basilica of San Sebastiano fuori delle mura [St. Sebastian outside the Walls] on the Appian Way, from Vedute di Roma (Roman Views)",,,,,Vedute di Roma,Artist,,Giovanni Battista Piranesi,"Italian, Mogliano Veneto 1720–1778 Rome",,Italian,1720,1778,ca. 1750,1745,1755,Etching; first state of four (Hind),Sheet: 20 1/2 x 30 1/2 in. (52 x 77.5 cm)Plate: 16 7/16 x 26 in. (41.8 x 66 cm),"Gift of Mrs. David Keppel, 1960",,,,,,,,,,,,Prints,,http://www.metmuseum.org/art/collection/search/363070,5/13/2019 8:00,"Metropolitan Museum of Art, New York, NY",Human Figures|Architecture|Buildings|Horses
63.712.91,363754,Drawings and Prints,Drawing,Design for Pointed Utensil with an Egyptian Style Figure on the Handle,,,,,,Artist,,Bernardino Poccetti,"Italian, San Marino di Valdelsa 1548–1612 Florence",,Italian,1548,1612,1548–1612,1548,1612,"Pen and brown ink, brush and brown wash, over black chalk.",6 9/16 x 2 1/2 in. (16.6 x 6.4 cm),"Mrs. Regina Slatkin, 1963",,,,,,,,,,,,Drawings,,http://www.metmuseum.org/art/collection/search/363754,5/13/2019 8:00,"Metropolitan Museum of Art, New York, NY",Utilitarian Objects|Men
80.3.286,365646,Drawings and Prints,Drawing,Saint Paul,,,,,,Artist,Imitator of,Guercino (Giovanni Francesco Barbieri),"Italian, Cento 1591–1666 Bologna",,Italian,1591,1666,1591–1666,1591,1666,"Pen and brown ink, brush and brown ink, over lead point or graphite.",sheet: 8 1/8 x 11 1/2 in. (20.6 x 29.2 cm),"Gift of Cornelius Vanderbilt, 1880",,,,,,,,,,,,Drawings,,http://www.metmuseum.org/art/collection/search/365646,5/13/2019 8:00,"Metropolitan Museum of Art, New York, NY",Saint Paul|Writing
1972.607.3,367617,Drawings and Prints,Drawing Ornament & Architecture,Francis W. Little House: Furniture Plan,,,,,,Artist,,Frank Lloyd Wright,"American, Richland Center, Wisconsin 1867–1959 Phoenix, Arizona",and Studio,American,1867,1959,1908–14,1908,1914,Graphite and orange and brown pencil,sheet: 10 9/16 x 36 5/16 in. (26.8 x 92.3 cm)frame: 36 7/8 x 49 in. (93.7 x 124.5 cm),"Purchase, Emily Crane Chadborne Bequest, 1972",,,,,,,,,,,,Drawings|Ornament & Architecture,"© 2019 Artists Rights Society (ARS), New York",http://www.metmuseum.org/art/collection/search/367617,5/13/2019 8:00,"Metropolitan Museum of Art, New York, NY",Documents
41.101.2(6),371229,Drawings and Prints,Print,"Theodoric IV from the series Counts and Countesses of Holland, Zeeland, and West-Frisia",,,,,"Counts and Countesses of Holland, Zeeland, and West-Frisia",Artist and publisher|Artist|Author,Engraved by|Written by,Pieter Soutman|Cornelis Visscher|Petrus Scriverius,"Dutch, Haarlem, ca. 1580–1657 Haarlem|Dutch, Haarlem (?) 1629–1658 Amsterdam",,Dutch|Dutch|Dutch,1580      |1629      ,1657      |1658      ,1650,1650,1650,Engraving and etching; second state of three,sheet: 20 1/2 x 15 1/16 in. (52 x 38.2 cm)plate: 15 13/16 x 11 11/16 in. (40.2 x 29.7 cm),"Gift of Mrs. Hugo Elliot, 1941",,,,,,,,,,,,Prints,,http://www.metmuseum.org/art/collection/search/371229,5/13/2019 8:00,"Metropolitan Museum of Art, New York, NY",
52.519.33.2,377953,Drawings and Prints,Book,L'Art de bâtir des maisons de Campagne,,,,,,Artist|Publisher|Engraver|Engraver|Engraver,Published by|Engraved by|Engraved by|Frontispiece engraved by,Charles Etienne Briseux|Prault Pere|Pierre Edmé Babel|de la Marquade|Pierre Moreau,"French, 18th century|French, Paris 1720–1775 Paris|French|French, 1722–1798 Paris",", Paris",French|French|French|French|French,1700      |1720      |1715      ,1800      |1775      |1798      ,1743,1743,1743,Printed book with engraved illustrations,Overall: 11 1/2 x 8 7/8 x 2 3/16 in. (29.2 x 22.5 x 5.5 cm),"Rogers Fund, 1952",,Paris,,,,,,,,,,Books,,http://www.metmuseum.org/art/collection/search/377953,5/13/2019 8:00,"Metropolitan Museum of Art, New York, NY",
23.112.443,378518,Drawings and Prints,Drawing,"Design for Vis-à-vis, no. 3223",,,,,,Manufacturer,,Brewster & Co.,"American, New York",,American,,,1876,1876,,"Pen and black ink, watercolor and gouache with gum arabic",Sheet: 6 5/8 x 9 7/16 in. (16.8 x 24 cm),"Gift of William Brewster, 1923",,,,,,,,,,,,Drawings,,http://www.metmuseum.org/art/collection/search/378518,5/13/2019 8:00,"Metropolitan Museum of Art, New York, NY",Carriages
23.112.838,378914,Drawings and Prints,Drawing,"Design for Pony Phaeton, no. 3162",,,,,,Manufacturer,,Brewster & Co.,"American, New York",,American,,,1875,1875,1875,"Pen and black ink, watercolor and gouache",Sheet: 6 5/8 x 9 1/2 in. (16.8 x 24.1 cm),"Gift of William Brewster, 1923",,,,,,,,,,,,Drawings,,http://www.metmuseum.org/art/collection/search/378914,5/13/2019 8:00,"Metropolitan Museum of Art, New York, NY",Carriages
61.669.18,386510,Drawings and Prints,Drawing ; Ornament and architecture,"Ceiling Design, Half of a Circle",,,,,,Artist,,"Anonymous, British, 19th century",,,British,1800,1900,19th century,1800,1899,Watercolor with gold,,"Gift of the Royal Institute of British Architects, 1961",,,,,,,,,,,,Drawings|Ornament & Architecture,,http://www.metmuseum.org/art/collection/search/386510,5/13/2019 8:00,"Metropolitan Museum of Art, New York, NY",Design Elements
29.107.14,391909,Drawings and Prints,Print,Canal with an Angler and Two Swans,,,,,,Artist,,Rembrandt (Rembrandt van Rijn),"Dutch, Leiden 1606–1669 Amsterdam",,Dutch,1606,1669,,1643,1653,Etching and drypoint; second of two states,Sheet (Trimmed): 3 1/4 × 4 1/4 in. (8.3 × 10.8 cm),"H. O. Havemeyer Collection, Bequest of Mrs. H. O. Havemeyer, 1929",,,,,,,,,,,,Prints,,http://www.metmuseum.org/art/collection/search/391909,5/13/2019 8:00,"Metropolitan Museum of Art, New York, NY",Human Figures|Fishing|Swans|Bodies of Water|Canals
2011.214.1–.9,396269,Drawings and Prints,Print,GERYON,,,,,,Artist,,Bruce Conner,"American, McPherson, Kansas 1933–2008 San Francisco, California",,American,1933,2008,1957,1957,1957,"Etching, aquatint and drypoint; states 1-8",7 1/4 x 8 7/8 in. (18.4 x 22.5 cm),"John B. Turner Fund, 2011",,,,,,,,,,,,Prints,"© 2019 Artists Rights Society (ARS), New York",http://www.metmuseum.org/art/collection/search/396269,5/13/2019 8:00,"Metropolitan Museum of Art, New York, NY",
2011.305,397577,Drawings and Prints,Print,"Syzygy or the Conjunction of the Macrocosmic Unity with the Microcosmic Triunity from Heinrich Khunrath, Amphiteatrum sapientiae aeternae",,,,,,Artist|Author|Artist,After|Attributed to,Hans Vredeman de Vries|Heinrich Khunrath|Peter van der Doort,"Netherlandish, Leeuwarden 1527–1606 (?)  Antwerp (?)|German, Dresden 1560–1605|born  Antwerp, active Hamburg ca. 1590–1605",,Netherlandish|German,1527      |1560      |1590      ,1606      |1605      |1605      ,n.d.,1535,1611,Engraving from a circular plate,sheet: diameter 16 in. (40.6 cm),"Purchase, C. G. Boerner Gift, 2011",,,,,,,,,,,,Prints,,http://www.metmuseum.org/art/collection/search/397577,5/13/2019 8:00,"Metropolitan Museum of Art, New York, NY",Documents
43.47.258,399078,Drawings and Prints,Print,Horse Group #17,,,,,,Artist|Publisher,,Arthur George Murphy|WPA,"American, Tiffin, Ohio 1906–1991 Old Saybrook, Connecticut",,American,1906,1991,1935–43,1935,1943,Lithograph,sheet: 9 5/8 x 13 1/4 in. (24.4 x 33.6 cm),"Gift of the Work Projects Administration, Allocation Unit, Chicago, 1943",,,,,,,,,,,,Prints,,http://www.metmuseum.org/art/collection/search/399078,5/13/2019 8:00,"Metropolitan Museum of Art, New York, NY",
43.47.344,399085,Drawings and Prints,Print,Whither Mankind,,,,,,Publisher|Artist,,WPA|Carl Hoeckner,"American (born Germany), Munich 1883–1972 Hayward, California",,American,1883,1972,1935–43,1935,1943,Silkscreen,sheet: 18 1/16 x 24 in. (45.9 x 61 cm)image: 12 13/16 x 20 9/16 in. (32.6 x 52.2 cm),"Gift of the Work Projects Administration, Allocation Unit, Chicago, 1943",,,,,,,,,,,,Prints,,http://www.metmuseum.org/art/collection/search/399085,5/13/2019 8:00,"Metropolitan Museum of Art, New York, NY",
51.501.4223,399877,Drawings and Prints,Print,"The dream of St Joseph, who is sleeping at the right, the Virgin and Child by a cross surrounded by angels and many putti and with God the Father above",,,,,,Artist|Publisher,,Pietro Testa|Giovanni Giacomo De Rossi,"Italian, Lucca 1612–1650 Rome|Italian, Rome 1627–1691 Rome",,Italian|Italian,1612      |1627      ,1650      |1691      ,ca. 1635–37,1600,1650,Etching,sheet: 14 3/8 x 11 5/8 in. (36.5 x 29.5 cm),"The Elisha Whittelsey Collection, The Elisha Whittelsey Fund, 1951",,,,,,,,,,,,Prints,,http://www.metmuseum.org/art/collection/search/399877,5/13/2019 8:00,"Metropolitan Museum of Art, New York, NY",
63.350.222.284.91,400013,Drawings and Prints,Baseball card,"Sullivan, Left Field, Chicago, from the Gold Coin series (N284) for Gold Coin Chewing Tobacco",,,,,,Publisher,,"D. Buchner & Co., New York","American, 19th century",,,1850,1900,1887,1887,1887,Commercial color lithography reproducing drawings,Sheet: 3 1/16 x 1 3/4 in. (7.7 x 4.5 cm),"The Jefferson R. Burdick Collection, Gift of Jefferson R. Burdick",,,,,,,,,,,,Prints|Ephemera,,http://www.metmuseum.org/art/collection/search/400013,5/13/2019 8:00,"Metropolitan Museum of Art, New York, NY",Men|Portraits|Baseball|Athletes
2012.136.939,400018,Drawings and Prints,Print,Section and elevation of the Colosseum in Rome,,,,,,Artist|Publisher,,Giovanni Ambrogio Brambilla|Claudio Duchetti,"Italian, active Rome, 1575–99|Italian, active Venice and Rome, ca. 1565–died ca. 1585",,Italian|Italian,1575      |1565      ,1599      |1585      ,1581,1581,1581,Etching,sheet: 15 1/4 x 21 5/8 in. (38.7 x 55 cm),"Bequest of Phyllis Massar, 2011",,,,,,,,,,,,Prints,,http://www.metmuseum.org/art/collection/search/400018,5/13/2019 8:00,"Metropolitan Museum of Art, New York, NY",Architecture
91.1.74,404850,Drawings and Prints,Print,"Chairing the Members, Plate IV: Four Prints of an Election",,,,,,Engraver|Artist and engraver,,François Antoine Aveline|William Hogarth,"French, Paris 1718–1780 London|British, London 1697–1764 London",,French|British,1718      |1697      ,1780      |1764      ,"January 1, 1758",1758,1758,Etching and engraving; third state of three,sheet: 16 9/16 x 22 1/16 in. (42 x 56 cm),"Gift of Sarah Lazarus, 1891",,,,,,,,,,,,Prints,,http://www.metmuseum.org/art/collection/search/404850,5/13/2019 8:00,"Metropolitan Museum of Art, New York, NY",Men|Women|Pigs|Crowd
63.350.201.28.20,410156,Drawings and Prints,Print,"George Bubear, Oarsman, from World's Champions, Series 1 (N28) for Allen & Ginter Cigarettes",,,,,,Lithographer|Publisher,,"Lindner, Eddy & Claus|Allen & Ginter","American, New York|American, Richmond, Virginia",,American|American,,,1887,1887,1887,Commercial color lithograph,Sheet: 2 3/4 x 1 1/2 in. (7 x 3.8 cm),"The Jefferson R. Burdick Collection, Gift of Jefferson R. Burdick",,,,,,,,,,,,Prints|Ephemera,,http://www.metmuseum.org/art/collection/search/410156,5/13/2019 8:00,"Metropolitan Museum of Art, New York, NY",Men|Portraits|Rowing|Athletes
"Burdick 325, R327.130",410683,Drawings and Prints,Baseball card,"Louis Chiozza; verso: Diamond Stars, No. 80 (1934 Averages)",,,,,,Publisher,,"National Chicle Gum Company, Cambridge, Massachusetts",,,,,,1935,1935,1935,Commercial color lithograph,Sheet: 2 7/8 x 2 3/8 in. (7.3 x 6 cm),"The Jefferson R. Burdick Collection, Gift of Jefferson R. Burdick",,,,,,,,,,,,Prints|Ephemera,,http://www.metmuseum.org/art/collection/search/410683,5/13/2019 8:00,"Metropolitan Museum of Art, New York, NY",
51.501.4016,415848,Drawings and Prints,Print,"Prise de la Ville de Bone (Capture of the City of Bonne), from La Vie de Ferdinand Ier de Médicis série appelée aussi Les Batailles des Médicis (The Life of Ferdinand I de'Medici also called The Medici Battles)",,,,,La Vie de Ferdinand Ier de Médicis série appelée aussi Les Batailles des Médicis,Artist|Artist,After (?),Jacques Callot|Matteo Rosselli,"French, Nancy 1592–1635 Nancy|Italian, Florence 1578–1650 Florence",,French|Italian,1592      |1578      ,1635      |1650      ,1614–20,1614,1620,Engraving; first state of two (Lieure),Sheet: 7 11/16 x 11 5/8 in. (19.6 x 29.6 cm),"The Elisha Whittelsey Collection, The Elisha Whittelsey Fund, 1951",,,,,,,,,,,,Prints,,http://www.metmuseum.org/art/collection/search/415848,5/13/2019 8:00,"Metropolitan Museum of Art, New York, NY",
59.644.71,417951,Drawings and Prints,Print,The Impossibility,,,,,,Artist,,Sebald Beham,"German, Nuremberg 1500–1550 Frankfurt",,German,1500,1550,1548,1548,1548,Engraving,Sheet: 3 1/4 x 2 1/8 in. (8.3 x 5.4 cm),"Gift of Harry G. Friedman, 1959",,,,,,,,,,,,Prints,,http://www.metmuseum.org/art/collection/search/417951,5/13/2019 8:00,"Metropolitan Museum of Art, New York, NY",
17.50.17-371(236),419823,Drawings and Prints,Print,"S. Antioche, médecin (St. Antiochus, Doctor), July 15th, from Les Images De Tous Les Saincts et Saintes de L'Année (Images of All of the Saints and Religious Events of the Year)",,,,,Les Images De Tous Les Saincts et Saintes de L'Année,Artist|Publisher,,Jacques Callot|Israël Henriet,"French, Nancy 1592–1635 Nancy|French, Nancy ca. 1590–1661 Paris",,French|French,1592      |1590      ,1635      |1661      ,1636,1636,1636,Etching; second state of two (Lieure),Sheet: 2 9/16 x 1 15/16 in. (6.5 x 5 cm),"Purchase, Joseph Pulitzer Bequest, 1917",,,,,,,,,,,,Prints,,http://www.metmuseum.org/art/collection/search/419823,5/13/2019 8:00,"Metropolitan Museum of Art, New York, NY",
31.108.4,428594,Drawings and Prints,Print,Sea-Bass Fisherman,,,,,,Artist,,Gifford Beal,"American, New York 1879–1956 New York",,American,1879,1956,early 20th century,1900,1931,Etching,Plate: 8 × 12 in. (20.3 × 30.5 cm)Sheet: 11 5/8 × 15 11/16 in. (29.5 × 39.8 cm),"Robert B. Dodson Fund, 1931",,,,,,,,,,,,Prints,,http://www.metmuseum.org/art/collection/search/428594,5/13/2019 8:00,"Metropolitan Museum of Art, New York, NY",
24.63.1280,428786,Drawings and Prints,Print,Reverse Copy of Madame Bouthillier (Marie de Bragelogne),,,,,,Artist|Artist,After,Robert Nanteuil|Anonymous,"French, Reims 1623–1678 Paris",,French,1623,1678,ca. 1815,1810,1820,Engraving,Sheet: 14 13/16 × 11 1/8 in. (37.7 × 28.3 cm)Plate: 12 1/2 × 9 3/8 in. (31.7 × 23.8 cm),"Gift of Georgiana W. Sargent, in memory of John Osborne Sargent, 1924",,,,,,,,,,,,Prints,,http://www.metmuseum.org/art/collection/search/428786,5/13/2019 8:00,"Metropolitan Museum of Art, New York, NY",Portraits|Women
"Burdick 314, E42.2",430474,Drawings and Prints,Print,"Reconnoitering, from the Boy Scouts series (E42) for the Fisher Candy Co.",,,,,,Publisher,Issued by,"Fisher Candy Co., Philadelphia",,,American,,,1910,1910,1910,Commercial color lithograph,Sheet: 2 5/8 × 1 1/2 in. (6.7 × 3.8 cm),"The Jefferson R. Burdick Collection, Gift of Jefferson R. Burdick",,,,,,,,,,,,Prints|Ephemera,,http://www.metmuseum.org/art/collection/search/430474,5/13/2019 8:00,"Metropolitan Museum of Art, New York, NY",Boys
51.553.2(13),431102,Drawings and Prints,Print,Vues de St. Petersbourg,,,,,,Artist|Printer|Publisher,,"Ferdinand-Victor Perrot|Pohl & Stembach|Daziaro, Moscow and St. Petersburg","French, 1808–1841",,French,1808,1841,1840,1840,1840,"Lithography, hand-colored",Sheet: 15 3/8 × 21 7/8 in. (39 × 55.5 cm)Image: 11 3/4 × 19 1/8 in. (29.8 × 48.6 cm),"Gift of Robert D. Brewster, 1951",,Moscow and St. Petersburg,,,,,,,,,,Prints,,http://www.metmuseum.org/art/collection/search/431102,5/13/2019 8:00,"Metropolitan Museum of Art, New York, NY",
63.350.246.212.127,433636,Drawings and Prints,"Baseball card, print","Fitzgerald, Sacramento, Pacific Coast League, from the ""Obak Baseball Players"" set (T212), issued by the American Tobacco Company to promote Obak Mouthpiece Cigarettes",,,,,,Publisher,Issued by the California branch of the,American Tobacco Company,,,,,,1910,1910,1910,Commercial color lithograph,Sheet: 2 5/8 × 1 1/2 in. (6.7 × 3.8 cm),"The Jefferson R. Burdick Collection, Gift of Jefferson R. Burdick",,,,,,,,,,,,Prints|Ephemera,,http://www.metmuseum.org/art/collection/search/433636,5/13/2019 8:00,"Metropolitan Museum of Art, New York, NY",Men|Portraits|Baseball|Athletes
63.350.246.204.83,434286,Drawings and Prints,"Baseball card, print","Spencer, Catcher, Boston, American League, from the Baseball Players (Ramlys) series (T204) issued by the Mentor Company to promote Ramly and T.T.T. Turkish Cigarettes",,,,,,Publisher|Artist,"Issued by|Photograph copyright,","Mentor Company, Boston|Carl Homer Studios, Boston",,,,,,1909,1909,1909,Photolithograph,Sheet: 2 1/2 × 2 in. (6.4 × 5.1 cm),"The Jefferson R. Burdick Collection, Gift of Jefferson R. Burdick",,,,,,,,,,,,Prints|Ephemera,,http://www.metmuseum.org/art/collection/search/434286,5/13/2019 8:00,"Metropolitan Museum of Art, New York, NY",Men|Portraits|Baseball|Athletes
13.190.4,446304,Islamic Art,Fragment,Fragment of a Bowl,,,,,,,,,,,,,,14th–15th century,1300,1499,Earthenware; incised decoration through a white slip and coloring under a transparent glaze.,H. 3 3/8 in. (9.6 cm)W. 6 3/8 in. (16.2 cm)D. 5 7/16 in. (13.8 cm)Wt. 16.6 oz. (470.7 g),"Rogers Fund, 1913",Attributed to,,,,Egypt,,,,,,,Ceramics,,http://www.metmuseum.org/art/collection/search/446304,5/13/2019 8:00,"Metropolitan Museum of Art, New York, NY",
26.238.2,447944,Islamic Art,Fragment,Fragment,,,,,,,,,,,,,,18th century,1700,1799,Cotton; painted,H. 13 in. (33 cm)W. 89 in. (226.1 cm),"Rogers Fund, 1926",Attributed to,,,,India,,,,,,,Textiles-Painted and/or Printed,,http://www.metmuseum.org/art/collection/search/447944,5/13/2019 8:00,"Metropolitan Museum of Art, New York, NY",Flowers
37.40.43,449151,Islamic Art,Dado panel,Dado Panel,,,,,,,,,,,,,,20th century,1900,1999,Plaster; cast,H. 16 3/4 in. (42.5 cm)W. 21 1/4 in. (54 cm)D. 2 1/2 in. (6.4 cm)Wt: 27 lbs. (12.2 kg),"Rogers Fund, 1937",Excavated in,Nishapur,,,Iran,,,,,,,Reproductions,,http://www.metmuseum.org/art/collection/search/449151,5/13/2019 8:00,"Metropolitan Museum of Art, New York, NY",Architecture
1974.294.4,452672,Islamic Art,Folio from an illustrated manuscript,"""Yusuf and Zulaikha"", Folio 51r from a Bustan of Sa`di",,,,,,,,,,,,,,ca. 1525–35,1500,1560,"Ink, opaque watercolor, and gold on paper",Painting: H. 7 1/4 in. (18.4 cm)                W. 4 11/16 in. (11.9 cm)Page: H. 11 in. (27.9 cm)          W. 7 1/4 in. (18.4 cm)Mat: H. 19 1/4 in. (48.9 cm)        W. 14 1/4 in. (36.2 cm),"Purchase, Louis V. Bell Fund and The Vincent Astor Foundation Gift, 1974",Attributed to,Bukhara,,,present-day Uzbekistan,,,,,,,Codices,,http://www.metmuseum.org/art/collection/search/452672,5/13/2019 8:00,"Metropolitan Museum of Art, New York, NY",Manuscripts|Men|Women
1975.1.420,459471,Robert Lehman Collection,Drawing,Head of a Man in Profile,,,,,,Artist,,Luca Signorelli (Luca d'Egidio di Luca di Ventura),"Italian, Cortona, active by 1470–died 1523 Cortona",,Italian,1470,1523,1490s,1490,1499,"Black chalk, pen and brown ink, heightened with white.",11 3/4 x 9 5/8 in.  (29.9 x 24.4 cm),"Robert Lehman Collection, 1975",,,,,,,,,,,,Drawings,,http://www.metmuseum.org/art/collection/search/459471,5/13/2019 8:00,"Metropolitan Museum of Art, New York, NY",Heads|Men|Profiles
23.229.5-5,466522,Medieval Art,Fragment,Glass Fragment,French,,,,,,,,,,,,,13th century,1200,1299,Colorless glass,Overall: 2 3/16 x 1 3/16 in. (5.5 x 3 cm),"Gift of Dr. Bashford Dean, 1923",Made in,Paris,,,France,,,,,,,Glass-Stained,,http://www.metmuseum.org/art/collection/search/466522,5/13/2019 8:00,"Metropolitan Museum of Art, New York, NY",
63.185.2,468605,Medieval Art,Hilt,Eagle-Headed Hilt,Byzantine,,,,,,,,,,,,,4th century,300,400,Copper alloy,Overall: 4 1/2 x 3 13/16 x 1 in. (11.4 x 9.7 x 2.5 cm),"Gift of Lawrence J. Majewski, 1963",,,,,,,,,,,,Metalwork-Copper alloy,,http://www.metmuseum.org/art/collection/search/468605,5/13/2019 8:00,"Metropolitan Museum of Art, New York, NY",
1982.433.1,469993,The Cloisters,Panel,Grisaille Panel,French,,,,,,,,,,,,,1250–70,1250,1270,White and pot-metal glass with vitreous paint,23 1/2 x 18 1/2 in.  (59.7 x 47.0 cm),"The Cloisters Collection, 1982",Made in,,,Bourges,France,,,,,,,Glass-Stained,,http://www.metmuseum.org/art/collection/search/469993,5/13/2019 8:00,"Metropolitan Museum of Art, New York, NY",
25.120.637,470842,The Cloisters,Capital,Capital,Catalan,,,,,,,,,,,,,ca. 1130–40,1100,1150,Marble,Overall: 14 x 16 x 14 in. (35.6 x 40.6 x 35.6 cm),"The Cloisters Collection, 1925",Made in,,,,present-day France,,,,,,,Sculpture-Architectural,,http://www.metmuseum.org/art/collection/search/470842,5/13/2019 8:00,"Metropolitan Museum of Art, New York, NY",Capitals
32.24.27,471090,The Cloisters,Roundel,Roundel with Saint John the Baptist,South Netherlandish,,,,,,,,,,,,,ca. 1510–20,1510,1520,"Colorless glass, silver stain, vitreous paint",Overall Diam.: 9 in. (22.9 cm),"The Cloisters Collection, 1932",,,,,,,,,,,,Glass-Stained,,http://www.metmuseum.org/art/collection/search/471090,5/13/2019 8:00,"Metropolitan Museum of Art, New York, NY",Coat of Arms|Books|Sheep|Saint John the Baptist|Cross
1983.607.86,482952,Modern and Contemporary Art,Drawing,Untitled,,,,,,Artist,,Abraham Walkowitz,"American (born Russia), Tyumen 1878–1965 Brooklyn, New York",,"American, born Russia",1878,1965,ca. 1940,1940,1940,Graphite on paper,"H. 8, W. 5 inches(20.3 x 12.7 cm.)","Gift of Mr. and Mrs. Meyer Schapiro, 1983",,,,,,,,,,,,Drawings,,http://www.metmuseum.org/art/collection/search/482952,5/13/2019 8:00,"Metropolitan Museum of Art, New York, NY",Abstraction
1988.31.12,485091,Modern and Contemporary Art,Glass,Glass,,,,,,Designer|Manufacturer,,Timo Sarpaneva|Iittala Lasitehdas Oy,"Finnish, Helsinki 1926–2006 Helsinki",,Finnish|Finnish,1926,2006,1950s,1950,1959,Glass,"H. 2-3/4, D. 2-3/4 inches(7 x 7 cm.)","Purchase, Theodore R. Gamble Jr. Gift, in honor of his mother, Mrs. Theodore Robert Gamble, 1988",,,,,,,,,,,,Glass,,http://www.metmuseum.org/art/collection/search/485091,5/13/2019 8:00,"Metropolitan Museum of Art, New York, NY",
1994.322,486390,Modern and Contemporary Art,Design,"Design for a Washstand for the Blue Bedroom, Hous'hill",,,,,,Designer,,Charles Rennie Mackintosh,"British, Glasgow, Scotland 1868–1928 London",,"British, Scottish",1868,1928,1904,1904,1904,Watercolor and graphite on paper,10 × 11 in. (25.4 × 27.9 cm),"Purchase, Lila Acheson Wallace Gift, 1994",,,,,,,,,,,,Drawings,,http://www.metmuseum.org/art/collection/search/486390,5/13/2019 8:00,"Metropolitan Museum of Art, New York, NY",Bedrooms|Documents
1995.243,486599,Modern and Contemporary Art,Bowl,"""Tard la Nuit"" Bowl",,,,,,Designer,,Gaetano Pesce,"Italian, born La Spezia, 1939",,Italian,1939,2039,1989,1989,1989,Glass,"H. 4-1/2, W. 20, D. 17-3/4 in. (11.4 x 50.8 x 45.1 cm.)","Gift of Peter T. Joseph, 1995",,,,,,,,,,,,Glass,,http://www.metmuseum.org/art/collection/search/486599,5/13/2019 8:00,"Metropolitan Museum of Art, New York, NY",Bowls
1995.243,486599,Modern and Contemporary Art,Bowl,"""Tard la Nuit"" Bowl",,,,,,Designer,,Gaetano Pesce,"Italian, born La Spezia, 1939",,Italian,1939,2039,1989,1989,1989,Glass,"H. 4-1/2, W. 20, D. 17-3/4 in. (11.4 x 50.8 x 45.1 cm.)","Gift of Peter T. Joseph, 1995",,,,,,,,,,,,Glass,,http://www.metmuseum.org/art/collection/search/486599,5/13/2019 8:00,"Metropolitan Museum of Art, New York, NY",Bowls
49.70.207,488438,Modern and Contemporary Art,Drawing,Alvin Langdon Coburn,,,,,,Artist,,Marius de Zayas,"Mexican, Veracruz 1880–1961 Stamford, Connecticut",,Mexican,1880,1961,1910,1910,1910,"Ink, watercolor, metallic paint, and graphite on paper",17 3/8 x 11 1/4 in. (44.1 x 28.6 cm),"Alfred Stieglitz Collection, 1949",,,,,,,,,,,,Drawings,,http://www.metmuseum.org/art/collection/search/488438,5/13/2019 8:00,"Metropolitan Museum of Art, New York, NY",Tools and Equipment|Men|Portraits
17.6.74,544812,Egyptian Art,"Figurine, female, fragmentary",Upper Half of a Female Figurine,,Late Middle Kingdom–Early New Kingdom,Dynasty 12–18,,,,,,,,,,,ca. 1981–1550 B.C.,-1981,-1981,Pottery,H. 5.2 cm (2 1/16 in); W. 4.7 cm (1 7/8 in),"Gift of Albert M. Lythgoe, 1917",From,,,,Egypt,Northern Upper Egypt,"Qift, Birba",,,,,,,http://www.metmuseum.org/art/collection/search/544812,5/13/2019 8:00,"Metropolitan Museum of Art, New York, NY",
09.184.699,545193,Egyptian Art,"Ostracon, hieratic",Hieratic ostracon,,"New Kingdom, Ramesside",Dynasty 19–20,,,,,,,,,,,ca. 1295–1070 B.C.,-1295,-1295,"Limestone, ink, paint",L. 10.5 × H.14.8 × D.3.4 cm (4 1/8 × 5 13/16 × 1 5/16 in.),"Gift of Theodore M. Davis, 1909",From,,,,Egypt,"Upper Egypt, Thebes",Valley of the Kings,,,,,,,http://www.metmuseum.org/art/collection/search/545193,5/13/2019 8:00,"Metropolitan Museum of Art, New York, NY",
07.228.71,547202,Egyptian Art,"Figurine, seated woman",Figurine of a Seated Woman,,Late Naqada II,,,,,,,,,,,,ca. 3450–3300 B.C.,-3450,-3300,"Limestone, organic material, paint, malachite",D. 22.8 x H. 19.8 x W. 9.4 cm (9 x 7 13/16 x 3 11/16 in.),"Rogers Fund, 1907",From|Possibly from,,|,,Egypt,Northern Upper Egypt,"Naqada (Nubt, Ombos)",,,,,,,http://www.metmuseum.org/art/collection/search/547202,5/13/2019 8:00,"Metropolitan Museum of Art, New York, NY",Female Nudes
07.228.110,547248,Egyptian Art,"Beaker, white cross-lined ware",White cross-lined ware beaker decorated with zigzags,,"Predynastic, Naqada I",,,,,,,,,,,,ca. 3900–3650 B.C.,-3900,-3650,"Pottery, paint",H: 8.9 cm (3 1/2 in.),"Rogers Fund, 1907",From,,,,Egypt,,,,,,,,,http://www.metmuseum.org/art/collection/search/547248,5/13/2019 8:00,"Metropolitan Museum of Art, New York, NY",
36.3.205,549075,Egyptian Art,Club,Club,,New Kingdom,Dynasty 18,Joint reign of Hatshepsut and Thutmose III,,,,,,,,,,ca. 1479–1458 B.C.,-1473,-1458,Wood,L. 74 cm (29 1/8 in.); Max. W. 4.3 cm (1 11/16 in.);Th. 2.5 cm (1 in.),"Rogers Fund, 1936",From,,,,Egypt,"Upper Egypt, Thebes",Sheikh Abd el-Qurna,"Tomb of Senenmut (TT 71), below",deposit of hunting weapons,"MMA excavations, 1935–36",,,,http://www.metmuseum.org/art/collection/search/549075,5/13/2019 8:00,"Metropolitan Museum of Art, New York, NY",
"31.3.51a, b",556721,Egyptian Art,"Basket, coil, lid",Cylindrical Coil Basket with Lid,,Middle Kingdom,Dynasty 11,,,,,,,,,,,ca. 2124–2000 B.C.,-2124,-2124,Grasses,Basket: H. 7 cm (2 3/4 in); diam. 7.5 cm (2 15/16 in)Lid: diam. 8.5 cm (3 3/8 in),"Rogers Fund, 1931",From,,,,Egypt,"Upper Egypt, Thebes",Asasif,Tomb MMA 839,"inside basket 31.3.50a, b","MMA excavations, 1929–30",,,,http://www.metmuseum.org/art/collection/search/556721,5/13/2019 8:00,"Metropolitan Museum of Art, New York, NY",
17.10.324,563318,Egyptian Art,Jar Label,Jar label fragments,,New Kingdom,Dynasty 18,reign of Amenhotep III,,,,,,,,,,ca. 1390–1352 B.C.,-1390,-1390,"Pottery and ink, paint",,"Rogers Fund, 1917",From,,,,Egypt,"Upper Egypt, Thebes",Malqata,Palace of Amenhotep III,,MMA excavations,,,,http://www.metmuseum.org/art/collection/search/563318,5/13/2019 8:00,"Metropolitan Museum of Art, New York, NY",
17.10.324,563318,Egyptian Art,Jar Label,Jar label fragments,,New Kingdom,Dynasty 18,reign of Amenhotep III,,,,,,,,,,ca. 1390–1352 B.C.,-1390,-1390,"Pottery and ink, paint",,"Rogers Fund, 1917",From,,,,Egypt,"Upper Egypt, Thebes",Malqata,Palace of Amenhotep III,,MMA excavations,,,,http://www.metmuseum.org/art/collection/search/563318,5/13/2019 8:00,"Metropolitan Museum of Art, New York, NY",
17.10.898,563892,Egyptian Art,"Jar Label, meat",Jar Label,,New Kingdom,Dynasty 18,reign of Amenhotep III,,,,,,,,,,ca. 1390–1352 B.C.,-1390,-1390,"Pottery and ink, paint",,"Rogers Fund, 1917",From,,,,Egypt,"Upper Egypt, Thebes",Malqata,Palace of Amenhotep III,,MMA excavations,,,,http://www.metmuseum.org/art/collection/search/563892,5/13/2019 8:00,"Metropolitan Museum of Art, New York, NY",
33.1.185g,564519,Egyptian Art,Relief fragment,Relief fragment,,Middle Kingdom,Dynasty 12,,,,,,,,,,,ca. 1981–1640 B.C.,-1981,-1640,Granite,,"Rogers Fund, 1933",From,,,,Egypt,Memphite Region,Lisht South,tomb of Senwosretankh,Pit 8,"MMA excavations, 1932–33",,,,http://www.metmuseum.org/art/collection/search/564519,5/13/2019 8:00,"Metropolitan Museum of Art, New York, NY",
20.3.203qqqq,565027,Egyptian Art,"Linen, from Wah's Mummy","Linen, from Wah's Mummy",,Middle Kingdom,Dynasty 12,"reign of Amenemhat I, early",,,,,,,,,,ca. 1981–1975 B.C.,-1981,-1975,Linen,,"Rogers Fund and Edward S. Harkness Gift, 1920",From,,,,Egypt,"Upper Egypt, Thebes",Southern Asasif,Tomb of Wah (MMA 1102),Mummy,"MMA excavations, 1920",,,,http://www.metmuseum.org/art/collection/search/565027,5/13/2019 8:00,"Metropolitan Museum of Art, New York, NY",
1973.565.2,623826,Drawings and Prints,Print,Discover Dry Dock Country: Madison Avenue between 63rd and 65th,,,,,,Artist,,Loretta Lustig,"American, active 1970s",,American,,,1972,1972,1972,Commercial printing in color,Other: 10 × 36 in. (25.4 × 91.4 cm),"Gift of Dry Dock Savings Bank, 1973",,,,,,,,,,,,Prints,,http://www.metmuseum.org/art/collection/search/623826,5/13/2019 8:00,"Metropolitan Museum of Art, New York, NY",
35.85.19,625312,Drawings and Prints,Print,"St. Agatha, from 'Di Tutti gli Affresco del Correggio e di Quattro del Parmigianino'",,,,,,Printer|Artist|Artist|Artist|Artist|Artist,Intermediary draughtsman|After|Intermediary draughtsman,C. Frassinetti|Paolo Toschi|Carlo Raimondi|Agostino Marchesi|Parmigianino (Girolamo Francesco Maria Mazzola)|Paolo Toschi,"Italian, active ca. 1845–68|Italian, Parma 1788–1854 Parma|Italian, Bocche di Cattoro 1809–1883 Parma|Italian, Parma 1810–1867 Parma|Italian, Parma 1503–1540 Casalmaggiore|Italian, Parma 1788–1854 Parma",,Italian|Italian|Italian|Italian|Italian,1845      |1788      |1809      |1810      |1503      |1788      ,1868      |1854      |1883      |1867      |1540      |1854      ,ca. 1846,1841,1851,Engraving,Sheet: 30 1/8 × 21 1/2 in. (76.5 × 54.6 cm)Plate: 16 11/16 × 12 3/4 in. (42.4 × 32.4 cm),"Gift of Lucy Chauncey, in memory of her father, Henry Chauncey, 1935",,,,,,,,,,,,Prints,,http://www.metmuseum.org/art/collection/search/625312,5/13/2019 8:00,"Metropolitan Museum of Art, New York, NY",
"Burdick 324, R311.38",632372,Drawings and Prints,Photograph,"Walter Switzer, Cornell Quarterback shown being grounded by three Columbia Players, from the ""Baseball and Football"" set (R311), issued by the National Chicle Company to promote Diamond Stars Gum",,,,,,Publisher,Issued by,"National Chicle Gum Company, Cambridge, Massachusetts",,,,,,1936,1936,1936,Albumen print (glossy finish),Sheet: 6 in. × 8 1/16 in. (15.3 × 20.5 cm),"The Jefferson R. Burdick Collection, Gift of Jefferson R. Burdick",,,,,,,,,,,,Photographs|Ephemera,,http://www.metmuseum.org/art/collection/search/632372,5/13/2019 8:00,"Metropolitan Museum of Art, New York, NY",Men|Playing|Baseball|Athletes
22.73.3-78,634357,Drawings and Prints,Print,"The Virgin and Child with St. John the Baptist, St. Francis, and St. Catherine of Siena",,,,,,Artist|Artist|Publisher,After,Andrea Andreani|Jacopo Ligozzi|Heinrich Stacker,"Mantua, 1558/1559–1629|Italian, Verona 1547–1627 Florence|German, active 16th–17th century",,Italian|Italian|German,1558      |1547      |1500      ,1629      |1627      |1699      ,1585,1585,1585,Chiaroscuro woodcut from four blocks printed in orange,Sheet: 16 11/16 × 13 1/4 in. (42.4 × 33.7 cm),"Rogers Fund, 1922",,,,,,,,,,,,Prints,,http://www.metmuseum.org/art/collection/search/634357,5/13/2019 8:00,"Metropolitan Museum of Art, New York, NY",Christian Imagery|Madonna and Child|Saint Catherine|Saint Francis|Saint John the Baptist
"Burdick 328, R414-5.81",634643,Drawings and Prints,"Print, baseball card","Card Number 28, Harry ""The Cat"" Brecheen, Pitcher, St. Louis Cardinals, from the Topps Red/ Blue Backs series (R414-5) issued by Topps Chewing Gum Company",,,,,,Publisher,Issued by,Topps Chewing Gum Company,"American, Brooklyn",,American,,,1951,1951,1951,Commercial color lithograph,Sheet: 2 5/8 × 2 1/16 in. (6.7 × 5.2 cm),"The Jefferson R. Burdick Collection, Gift of Jefferson R. Burdick",,,,,,,,,,,,Prints|Ephemera,,http://www.metmuseum.org/art/collection/search/634643,5/13/2019 8:00,"Metropolitan Museum of Art, New York, NY",Men|Portraits|Baseball|Athletes
"Burdick 339, V401.145",638012,Drawings and Prints,Print,"Card No. 145, U.S. Luscombe ""Silvaire,"" from the Aviation Gum series (V356), issued by World Wide Gum Company, Ltd.",,,,,,Publisher,Issued by the,"World Wide Gum Company, Ltd.","Montreal, Canada",,Canadian,,,1940,1940,1940,Photolithograph,Sheet: 2 5/8 × 3 1/4 in. (6.6 × 8.2 cm),"The Jefferson R. Burdick Collection, Gift of Jefferson R. Burdick",,,,,,,,,,,,Prints|Ephemera,,http://www.metmuseum.org/art/collection/search/638012,5/13/2019 8:00,"Metropolitan Museum of Art, New York, NY",
2014.642,638616,Photographs,Photograph,Officer Gordon F. Wilson Shows Mug Pictures to a Woman,,,,,,Artist,,William H. Mortimer,"American, active Baltimore 1970s",,American,,,1970,1970,1970,Gelatin silver print,Image: 8 in. × 5 3/8 in. (20.3 × 13.7 cm)Sheet: 8 9/16 × 5 15/16 in. (21.7 × 15.1 cm),"Anonymous Gift, 2014",,,,,,,,,,,,Photographs,,http://www.metmuseum.org/art/collection/search/638616,5/13/2019 8:00,"Metropolitan Museum of Art, New York, NY",Men|Women
"Burdick 328, R414-8.11",642712,Drawings and Prints,"Baseball card, print","Card Number 22, Jim Greengrass, Outfield, Cincinnati Redlegs, from ""1954 Topps Regular Issue"" series (R414-8), issued by Topps Chewing Gum Company.",,,,,,Publisher,Issued by,Topps Chewing Gum Company,"American, Brooklyn",,American,,,1954,1954,1954,Commercial color lithograph,Sheet: 3 3/4 x 2 5/8 in. (9.5 x 6.7 cm),"The Jefferson R. Burdick Collection, Gift of Jefferson R. Burdick",,,,,,,,,,,,Prints|Ephemera,,http://www.metmuseum.org/art/collection/search/642712,5/13/2019 8:00,"Metropolitan Museum of Art, New York, NY",Men|Portraits|Baseball|Athletes
58.549.202,646748,Drawings and Prints,Print,"Mary, Queen of Scots at the execution block (from The History of England)",,,,,,Sitter|Publisher|Author|Artist|Artist,After,"Mary, Queen of Scots|Robert Bowyer|David Hume|William Skelton|John Opie","British, Linlithgow 1542–1587 Fotheringhay, England|British, Portsmouth 1758–1834 Byfleet, Surrey|British, Edinburgh, Scotland 1711–1776 Edinburgh|British, London 1763–1848 London|British, St. Agnes, Cornwall 1761–1807 London",,"Scottish|British|British, Scottish|British|British",1542      |1758      |1711      |1763      |1761      ,1587      |1834      |1776      |1848      |1807      ,June 1795,1795,1795,Etching and engraving,Sheet: 16 5/16 × 10 3/16 in. (41.4 × 25.8 cm),"Gift of Susan Dwight Bliss, 1958",,London,,,,,,,,,,Prints,,http://www.metmuseum.org/art/collection/search/646748,5/13/2019 8:00,"Metropolitan Museum of Art, New York, NY",
WW.812,650909,Drawings and Prints,Print,Happy Easter (Frohe Ostern),,,,,,Artist|Publisher,,Fritzi Löw|Wiener Werkstätte,"Austrian, Vienna 1891—1975 Vienna",,Austrian,1891,1975,1912,1912,1912,Color lithograph,Sheet: 5 1/2 × 3 9/16 in. (14 × 9 cm),"Museum Accession, transferred from the Library",,,,,,,,,,,,Prints,,http://www.metmuseum.org/art/collection/search/650909,5/13/2019 8:00,"Metropolitan Museum of Art, New York, NY",Women|Sheep|Easter
1983.1225.4,651579,Drawings and Prints,Print,"Portrait, bust-length, with bow",,,,,,Artist,,Abraham Walkowitz,"American (born Russia), Tyumen 1878–1965 Brooklyn, New York",,"American, born Russia",1878,1965,1900,1900,1900,Drypoint,Sheet: 6 1/4 × 4 5/8 in. (15.9 × 11.7 cm)Plate: 5 15/16 × 4 7/16 in. (15.1 × 11.2 cm),"Gift of Mr. and Mrs. Meyer Schapiro, 1983",,,,,,,,,,,,Prints,,http://www.metmuseum.org/art/collection/search/651579,5/13/2019 8:00,"Metropolitan Museum of Art, New York, NY",
2015.135,651818,Photographs,Photograph,"Stripper with bare breasts sitting in her dressing room, Atlantic City, N.J.",,,,,,Artist,,Diane Arbus,"American, New York 1923–1971 New York",,American,14/03/1923,26/07/1971,1961,1961,1961,Gelatin silver print,Image: 9 1/2 × 6 1/2 in. (24.1 × 16.5 cm)Sheet: 14 × 11 in. (35.6 × 27.9 cm),"Purchase, Jade Lau Gift, 2015",,,,,,,,,,,,Photographs,,http://www.metmuseum.org/art/collection/search/651818,5/13/2019 8:00,"Metropolitan Museum of Art, New York, NY",
63.350.219.245.1004,655098,Drawings and Prints,Photograph,"Virginia Hurned, from the Actresses series (N245) issued by Kinney Brothers to promote Sweet Caporal Cigarettes",,,,,,Publisher,Issued by,Kinney Brothers Tobacco Company,,,American,1869,2011,1890,1890,1890,Albumen photograph,Sheet: 2 1/2 × 1 7/16 in. (6.4 × 3.7 cm),"The Jefferson R. Burdick Collection, Gift of Jefferson R. Burdick",,,,,,,,,,,,Photographs|Ephemera,,http://www.metmuseum.org/art/collection/search/655098,5/13/2019 8:00,"Metropolitan Museum of Art, New York, NY",
SL.6.2016.88.1,656878,Modern and Contemporary Art,,"New York City 2[unfinished, formerly New York City III]",,,,,,Artist,,Piet Mondrian,"Dutch, Amersfoort 1872–1944 New York",,,1872,1944,1941,1941,1941,Oil and tape on canvas,45 1/4 × 38 7/8 in. (114.9 × 98.7 cm),"San Francisco Museum of Modern Art, Purchase through a gift of Phyllis Wattis",Country of Origin,,,,USA,,,,,,,Paintings,© San Francisco Museum of Modern Art,http://www.metmuseum.org/art/collection/search/656878,5/13/2019 8:00,"Metropolitan Museum of Art, New York, NY",
30.95.4,656909,Drawings and Prints,Print,The woodcutter,,,,,,Artist,,Rufino Tamayo,"Mexican, Oaxaca 1899–1991 Mexico City",,Mexican,1899,1991,ca. 1926–30,1921,1931,Woodcut,Sheet: 15 15/16 × 12 13/16 in. (40.5 × 32.5 cm)Image: 10 1/16 × 9 13/16 in. (25.5 × 25 cm),"Gift of Carl Zigrosser, 1930",,,,,,,,,,,,Prints,,http://www.metmuseum.org/art/collection/search/656909,5/13/2019 8:00,"Metropolitan Museum of Art, New York, NY",Men|Trees|Working
21.15.2bis(16),660182,Drawings and Prints,Books Prints Ornament & Architecture,"Ornamento delle belle & virtuose donne, page 8 (verso)",,,,,,Publisher|Binder,,"Matteo Pagano|Lloyd, Wallis & Lloyd","Italian, 1515–1588|British, active London after 1821",", Venice",Italian|British,1515      |1821      ,1588      |1900      ,1554,1554,1554,Woodcut,Overall: 7 1/2 x 5 7/8 in. (19 x 15 cm),"Rogers Fund, 1921",,,,,,,,,,,,Books|Prints|Ornament & Architecture,,http://www.metmuseum.org/art/collection/search/660182,5/13/2019 8:00,"Metropolitan Museum of Art, New York, NY",Books|Diamonds
54.90.1453,666262,Drawings and Prints,Print,"Souvenir of New York with Manhattan from West Hoboken, New Jersey",,,,,,Artist|Printmaker|Publisher|Artist,On stone by|Drawn from nature by,Charles Gildemeister|Nagel & Weingärtner|J. Haasis|John Bornet,"German, 1820–1869|New York, NY|New York|American, active New York, 1850–55",,German|American|American|American,1820      |1840      |1800      |1850      ,1869      |1865      |1900      |1855      ,1851,1851,1851,Hand-colored lithograph with tint stone,Image: 15 13/16 × 21 1/4 in. (40.2 × 54 cm)Sheet: 20 1/16 × 25 13/16 in. (51 × 65.5 cm),"The Edward W. C. Arnold Collection of New York Prints, Maps and Pictures, Bequest of Edward W. C. Arnold, 1954",,,,,,,,,,,,Prints,,http://www.metmuseum.org/art/collection/search/666262,5/13/2019 8:00,"Metropolitan Museum of Art, New York, NY",
2015.186,670640,Photographs,Photograph; Photomicrograph,[Snow Crystal],,,,,,Artist,,Wilson Alwyn Bentley,"American, 1865–1931",,American,1865,1931,1890s–1920s,1890,1929,Gelatin silver print,Image: 2 13/16 in. × 3 in. (7.1 × 7.6 cm)Sheet: 2 13/16 in. × 4 in. (7.2 × 10.1 cm),"Purchase, Alfred Stieglitz Society Gifts, 2015",,,,,,,,,,,,Photographs,,http://www.metmuseum.org/art/collection/search/670640,5/13/2019 8:00,"Metropolitan Museum of Art, New York, NY",
47.46.25,679516,Photographs,Album,[Album],,,,,,Artist,,Unknown,,,,,,1860s–70s,1860,1879,,,"Gift of Eva Kasiska, 1947",,,,,,,,,,,,Albums,,http://www.metmuseum.org/art/collection/search/679516,5/13/2019 8:00,"Metropolitan Museum of Art, New York, NY",
52.541.1(22),683016,Drawings and Prints,Print,"Scene 14, from Jack and the Giant Killer, Scenes for a Toy Theater",,,,,,Publisher,,Benjamin Pollock,"British, 1857–1937",,,1857,1937,1870–90,1870,1890,Lithograph,Sheet: 6 11/16 × 8 7/16 in. (17 × 21.4 cm),"The Elisha Whittelsey Collection, The Elisha Whittelsey Fund, 1952",,,,,,,,,,,,Prints,,http://www.metmuseum.org/art/collection/search/683016,5/13/2019 8:00,"Metropolitan Museum of Art, New York, NY",Theatre
63.350.307.39.4.9,684096,Drawings and Prints,Print,"The Boston Tea Party, bakery card from the Frontiers of Freedom series (D39-4), issued by the Gordon Bread Company",,,,,,Publisher,Issued by,Gordon Bread Company,,,,,,1940s,1940,1949,Commercial color lithograph,Sheet: 2 7/8 × 4 1/2 in. (7.3 × 11.4 cm),"The Jefferson R. Burdick Collection, Gift of Jefferson R. Burdick",,,,,,,,,,,,Prints|Ephemera,,http://www.metmuseum.org/art/collection/search/684096,5/13/2019 8:00,"Metropolitan Museum of Art, New York, NY",Men|Bodies of Water|Ships
63.350.307.34.23,684443,Drawings and Prints,Print,"Honduras, bakery card from the Flags series (D34), issued by the Ward-Mackey Company",,,,,,Publisher,Issued by,Ward-Mackey Company,,,,,,early 20th century,1900,1935,Commercial color lithograph,Sheet: 2 5/8 × 1 1/2 in. (6.6 × 3.8 cm),"The Jefferson R. Burdick Collection, Gift of Jefferson R. Burdick",,,,,,,,,,,,Prints|Ephemera,,http://www.metmuseum.org/art/collection/search/684443,5/13/2019 8:00,"Metropolitan Museum of Art, New York, NY",Flags
2011.604.1.4058,693616,Greek and Roman Art,Kylix fragment,Terracotta rim fragment of a kylix (drinking cup),"Greek, Attic",Archaic,,,,,,,,,,,,late 6th century/early 5th century B.C.,-500,-450,Terracotta,,"Gift of Dietrich von Bothmer, Distinguished Research Curator, Greek and Roman Art, 2011",,,,,,,,,,,,Vases,,http://www.metmuseum.org/art/collection/search/693616,5/13/2019 8:00,"Metropolitan Museum of Art, New York, NY",
28.99.351,695260,Medieval Art,Fragment,Fragment,European or Middle Eastern,,,,,,,,,,,,,ca. 1150–ca. 1250,1125,1275,"Glass, ceramic",L. 2 7/8 in. (7.3 cm),"Gift of Clarence H. Mackay, Archer M. Huntington, Stephen H. P. Pell and Bashford Dean, 1928",,,,,,,,,,,,Glass-Vessels,,http://www.metmuseum.org/art/collection/search/695260,5/13/2019 8:00,"Metropolitan Museum of Art, New York, NY",
17.3.756–1631,701306,Drawings and Prints,Print,"Frederick II The Great, King of Prussia (1712–1786)",,,,,,Artist,,Jacob Adam,"German (born Austria), Vienna 1748–1811 Vienna",,,1748,1811,1782,1782,1782,Etching and stipple,Mount: 9 in. × 5 13/16 in. (22.8 × 14.7 cm)Sheet: 5 7/8 × 3 9/16 in. (15 × 9.1 cm),"Harris Brisbane Dick Fund, 1917",,,,,,,,,,,,Prints,,http://www.metmuseum.org/art/collection/search/701306,5/13/2019 8:00,"Metropolitan Museum of Art, New York, NY",
2016.97,702996,Photographs,Photograph,Desert near Alexandria,,,,,,Artist,,Joseph-Philibert Girault de Prangey,"French, 1804–1892",,,1804,1892,1842,1842,1842,Daguerreotype,Image: 3 11/16 × 9 1/2 in. (9.4 × 24.1 cm),"Purchase, Philippe de Montebello Fund, Mr. and Mrs. John A. Moran Gift, in memory of Louise Chisholm Moran, Joyce F. Menschel and Annette de la Renta Gifts, and funds from various donors, 2016 (2016.97)",,,,,,,,,,,,Photographs,,http://www.metmuseum.org/art/collection/search/702996,5/13/2019 8:00,"Metropolitan Museum of Art, New York, NY",Men|Camels|Deserts
2011.604.1.5352,703467,Greek and Roman Art,Kylix fragment,Terracotta fragment of a kylix (drinking cup),"Greek, Attic",Archaic,,,,,,,,,,,,520–510 B.C.,-530,-450,Terracotta,,"Gift of Dietrich von Bothmer, Distinguished Research Curator, Greek and Roman Art, 2011",,,,,,,,,,,,Vases,,http://www.metmuseum.org/art/collection/search/703467,5/13/2019 8:00,"Metropolitan Museum of Art, New York, NY",
"Burdick 324, R314.117",705128,Drawings and Prints,"Baseball card, print","Jo-Jo White, from the Goudey Wide Pen Premiums series (R314) issued by the Goudey Gum Company",,,,,,Publisher,Issued by the,Goudey Gum Company,,,,,,1936,1936,1936,Photolithograph,Sheet: 5 1/2 × 3 1/4 in. (14 × 8.3 cm),"The Jefferson R. Burdick Collection, Gift of Jefferson R. Burdick",,,,,,,,,,,,Prints|Ephemera,,http://www.metmuseum.org/art/collection/search/705128,5/13/2019 8:00,"Metropolitan Museum of Art, New York, NY",Men|Portraits|Baseball|Athletes
"Burdick 324, R313.12",705189,Drawings and Prints,"Baseball card, print","""Cy"" Blanton, from the National Chicle Fine Pen Premiums series (R313) issued by the National Chicle Gum Company",,,,,,Publisher,Issued by,"National Chicle Gum Company, Cambridge, Massachusetts",,,,,,1936,1936,1936,Photolithograph,Sheet: 5 3/8 × 3 1/4 in. (13.7 × 8.3 cm),"The Jefferson R. Burdick Collection, Gift of Jefferson R. Burdick",,,,,,,,,,,,Prints|Ephemera,,http://www.metmuseum.org/art/collection/search/705189,5/13/2019 8:00,"Metropolitan Museum of Art, New York, NY",Men|Portraits|Baseball|Athletes
Burdick 324(86),708376,Drawings and Prints,"Baseball card, print","Album 324, Page 86",,,,,,,,,,,,,,1936,1936,1936,Commercial Lithographs,Sheet: 15 1/8 x 12 3/16 in. (38.4 x 31 cm),"The Jefferson R. Burdick Collection, Gift of Jefferson R. Burdick",,,,,,,,,,,,Prints|Ephemera,,http://www.metmuseum.org/art/collection/search/708376,5/13/2019 8:00,"Metropolitan Museum of Art, New York, NY",Men|Portraits|Baseball|Athletes
2011.604.1.6537,709728,Greek and Roman Art,Kylix fragment,Terracotta fragment of a kylix (drinking cup),"Greek, Attic",Late Archaic,,,,,,,,,,,,490–480 B.C.,-530,-450,Terracotta,,"Gift of Dietrich von Bothmer, Distinguished Research Curator, Greek and Roman Art, 2011",,,,,,,,,,,,Vases,,http://www.metmuseum.org/art/collection/search/709728,5/13/2019 8:00,"Metropolitan Museum of Art, New York, NY",
17.32.1852,727173,Drawings and Prints,Print,"Silenus being carried by Satyrs, after Mantegna",,,,,,Artist|Artist,After,"Anonymous, Italian|Andrea Mantegna","Italian, Isola di Carturo 1430/31–1506 Mantua",,,1400      |1430      ,2050      |1506      ,ca 1530–-50,1530,1550,Engraving,Sheet: 9 5/8 × 6 11/16 in. (24.5 × 17 cm),"Harris Brisbane Dick Fund, 1917",,,,,,,,,,,,Prints,,http://www.metmuseum.org/art/collection/search/727173,5/13/2019 8:00,"Metropolitan Museum of Art, New York, NY",
23.112.2370,727686,Drawings and Prints,Drawing,Coupé/Brougham #3887,,,,,,Manufacturer,,Brewster & Co.,"American, New York",,,,,1884,1884,1884,Graphite and red crayon  on wove paper with perforated linen tape adhered to left edge for binding,Sheet: 13 1/4 × 21 1/2 in. (33.7 × 54.6 cm),"Gift of William Brewster, 1923",,,,,,,,,,,,Drawings,,http://www.metmuseum.org/art/collection/search/727686,5/13/2019 8:00,"Metropolitan Museum of Art, New York, NY",
47.8.1(6),728103,Drawings and Prints,Prints Ornament & Architecture,Ancient Temple,,,,,Temples et bâtiments antiques et modernes,Artist,,Jacques Androuet Du Cerceau,"French, Paris 1510/12–1585 Annecy",,,1510,1585,1545,1545,1545,Etching,Sheet (trimmed): 10 9/16 × 15 5/8 in. (26.8 × 39.7 cm)Plate: 7 1/2 × 10 1/2 in. (19 × 26.6 cm),"Harris Brisbane Dick Fund, 1947",,,,,,,,,,,,Prints|Ornament & Architecture,,http://www.metmuseum.org/art/collection/search/728103,5/13/2019 8:00,"Metropolitan Museum of Art, New York, NY",
2011.604.2.310,728820,Greek and Roman Art,Column-krater fragment,Terracotta fragment of a column-krater (bowl for mixing wine and water),"Greek, Attic",Classical,,,,,,,,,,,,460–440 B.C.,-530,-400,Terracotta,,"Gift of Dietrich von Bothmer, Distinguished Research Curator, Greek and Roman Art, 2011",,,,,,,,,,,,Vases,,http://www.metmuseum.org/art/collection/search/728820,5/13/2019 8:00,"Metropolitan Museum of Art, New York, NY",
46.46.299,729600,Drawings and Prints,Print,An indulgence with an image of Our Lord of Chalma,,,,,,Artist|Publisher,,José Guadalupe Posada|Antonio Vanegas Arroyo,"Mexican, 1851–1913|1850–1917, Mexican",,,1851      |1850      ,1913      |1917      ,ca. 1900–1910,1895,1905,Photo-relief and letterpress on buff paper,Sheet: 15 7/8 × 11 15/16 in. (40.3 × 30.3 cm),"The Elisha Whittelsey Collection, The Elisha Whittelsey Fund, 1946",,,,,,,,,,,,Prints,,http://www.metmuseum.org/art/collection/search/729600,5/13/2019 8:00,"Metropolitan Museum of Art, New York, NY",Christ|Christian Imagery|Saint John the Baptist|Virgin Mary|Crucifixion
63.350.221.269.45,729779,Drawings and Prints,Print,"Card 44, John Morrissey, from the Prizefighters series (N269) issued by P. Lorillard Company to promote Mechanics Delight Long Cut Tobacco",,,,,,Artist|Publisher,Lithography by|Issued by,Ballin & Liebler Lithography|P. Lorillard Company,American,", New York",,,,1887,1887,1887,Commercial color lithograph,Sheet: 3 11/16 × 2 3/8 in. (9.4 × 6 cm),"The Jefferson R. Burdick Collection, Gift of Jefferson R. Burdick",,,,,,,,,,,,Prints|Ephemera,,http://www.metmuseum.org/art/collection/search/729779,5/13/2019 8:00,"Metropolitan Museum of Art, New York, NY",
1994.264.110.54,732391,Photographs,Ephemera,"[Rusted Metal Sign: ""Slow, Children""]",,,,,,Artist,,Unknown,,,,,,collected 1960s–70s,1960,1975,Painted metal,20 × 14 in. (50.8 × 35.6 cm)Framed: 29 1/2 × 23 5/8 in. (74.9 × 60 cm),"Walker Evans Archive, 1994",,,,,,,,,,,,Ephemera,,http://www.metmuseum.org/art/collection/search/732391,5/13/2019 8:00,"Metropolitan Museum of Art, New York, NY",Inscriptions
2011.604.2.1004,733407,Greek and Roman Art,Oinochoe fragment,Terracotta fragment of an oinochoe (jug),"Greek, Attic",Classical,,,,,,,,,,,,460–440 B.C.,-530,-300,Terracotta,,"Gift of Dietrich von Bothmer, Distinguished Research Curator, Greek and Roman Art, 2011",,,,,,,,,,,,Vases,,http://www.metmuseum.org/art/collection/search/733407,5/13/2019 8:00,"Metropolitan Museum of Art, New York, NY",
59.533.82,736330,Drawings and Prints,Print,The Historian Animating The Mind of A Young Painter,,,,,,Artist,,Thomas Rowlandson,"British, London 1757–1827 London",,,1757,1827,1784,1784,1784,Hand-colored etching,Sheet: 8 11/16 × 12 3/8 in. (22 × 31.5 cm)Plate: 8 7/16 × 12 1/16 in. (21.5 × 30.7 cm),"The Elisha Whittelsey Collection, The Elisha Whittelsey Fund, 1959",,London,,,,,,,,,,Prints,,http://www.metmuseum.org/art/collection/search/736330,5/13/2019 8:00,"Metropolitan Museum of Art, New York, NY",Painting|Interiors|Children|Men|Women|Artists
32.46.7(50),738416,Drawings and Prints,Book Print Ornament & Architecture,"Robes Modèles Historiques, Viennoise",,,,,,Artist,"Designed, Printed and Published by",Daydou Fils,,,,,,19th century,1800,1900,Design: Lithography,Sheet: 17 5/16 × 11 7/8 in. (44 × 30.2 cm)Album: 17 11/16 × 12 5/8 × 1 in. (45 × 32 × 2.5 cm),"Harris Brisbane Dick Fund, 1932",,,,,,,,,,,,Books|Prints|Ornament & Architecture,,http://www.metmuseum.org/art/collection/search/738416,5/13/2019 8:00,"Metropolitan Museum of Art, New York, NY",
2011.604.2.2328,740176,Greek and Roman Art,Skyphos fragment,Terracotta fragment of a skyphos (deep drinking cup),"Greek, Attic",Archaic/Classical,,,,,,,,,,,,6th/5th centuries B.C.,-530,-300,Terracotta,,"Gift of Dietrich von Bothmer, Distinguished Research Curator, Greek and Roman Art, 2011",,,,,,,,,,,,Vases,,http://www.metmuseum.org/art/collection/search/740176,5/13/2019 8:00,"Metropolitan Museum of Art, New York, NY",
"Burdick 346, U1.139",751829,Drawings and Prints,"Print, baseball","Silas K. Johnson, Cincinnati Reds, from the Baseball Players Match Cover design series (U1) issued by Diamond Match Company",,,,,,Publisher,,The Diamond Match Company,,,,1881,9999,1934,1934,1934,Printed matchbook,Sheet: 4 7/16 × 1 9/16 in. (11.3 × 4 cm),"The Jefferson R. Burdick Collection, Gift of Jefferson R. Burdick",,,,,,,,,,,,Prints|Ephemera,,http://www.metmuseum.org/art/collection/search/751829,5/13/2019 8:00,"Metropolitan Museum of Art, New York, NY",Men|Portraits|Baseball|Athletes
36.12.8-,754604,Drawings and Prints,Print,"Thrifty villagers, satisfied watching the presentation from the outside, from 'A celebration in the neighboring village,' published in Le Petit Journal pour Rire, June 24, 1865",,,,,'A celebration in the neighboring village' (La fête du village voisin),Artist,,Honoré Daumier,"French, Marseilles 1808–1879 Valmondois",,,1808,1879,"June 24, 1865",1865,1865,Lithograph on newsprint; third state of three (Delteil),Image: 6 1/8 × 9 9/16 in. (15.5 × 24.3 cm)Sheet: 8 1/8 × 11 5/8 in. (20.7 × 29.6 cm),"Harris Brisbane Dick Fund, 1936",,,,,,,,,,,,Prints,,http://www.metmuseum.org/art/collection/search/754604,5/13/2019 8:00,"Metropolitan Museum of Art, New York, NY",Men|Women
2018.62.28,771069,European Sculpture and Decorative Arts,Vase,Vase with flowering branch motif (one of a pair),"British, Stoke-on-Trent, Staffordshire",,,,,Maker,,Minton(s),"British, Stoke-on-Trent, 1793–present",,,1793,2001,after 1872,1872,1872,Bone china,confirmed: 85 × 4 1/8 × 3 3/4 in. (215.9 × 10.5 × 9.5 cm),"Gift of Helene Fortunoff and Robert Grossman, 2017",,,,,,,,,,,,Ceramics-Porcelain,,http://www.metmuseum.org/art/collection/search/771069,5/13/2019 8:00,"Metropolitan Museum of Art, New York, NY",
36.30.294,777496,Ancient Near Eastern Art,Dish,Metal Dish,,,,,,,,,,,,,,,0,0,Iron,,"Rogers Fund, 1936",,,,,Iran,,Qasr-i Abu Nasr,,,,,(not assigned),,http://www.metmuseum.org/art/collection/search/777496,5/13/2019 8:00,"Metropolitan Museum of Art, New York, NY",
2016.402.460,778279,Drawings and Prints,"Baseball card, print","Card Number 164, Bob Owchinko, San Diego Padres",,,,,,Publisher,Issued by,Topps Chewing Gum Company,"American, Brooklyn",,,,,1978,1978,1978,Commercial Color Lithograph,Sheet: 3 1/2 × 2 1/2 in. (8.9 × 6.4 cm),"Gift of George R. Goldner, in honor of Stewart Goldner, 2016",,,,,,,,,,,,Prints|Ephemera,,http://www.metmuseum.org/art/collection/search/778279,5/13/2019 8:00,"Metropolitan Museum of Art, New York, NY",
63.350.329.701-1.16,779306,Drawings and Prints,Trade card,"Packard-Tourist, from the ""Antique Autos"" series (R701-1), issued by Bowman Gum Company",,,,,,Publisher,Issued by,Bowman Gum Company,,,,1900,1999,1953,1953,1953,Commercial color lithograph,Sheet: 2 1/2 × 3 3/4 in. (6.3 × 9.5 cm),"The Jefferson R. Burdick Collection, Gift of Jefferson R. Burdick",,,,,,,,,,,,Prints|Ephemera,,http://www.metmuseum.org/art/collection/search/779306,5/13/2019 8:00,"Metropolitan Museum of Art, New York, NY",
63.350.244.87.182,785013,Drawings and Prints,Print; ephemera,"Norwegian Air Force In Canada Patrol Bomber (Northrup N3PB), from the ""Modern Airplanes"" series (T87), issued with Wings Cigarettes by Brown and Williamson Tobacco Company",,,,,,Publisher,Issued by,Brown and Williamson Tobacco Company,,,,1894,2004,1942,1942,1942,Commercial color lithograph,Sheet: 1 3/4 × 2 1/2 in. (4.4 × 6.3 cm),"The Jefferson R. Burdick Collection, Gift of Jefferson R. Burdick",,,,,,,,,,,,Prints|Ephemera,,http://www.metmuseum.org/art/collection/search/785013,5/13/2019 8:00,"Metropolitan Museum of Art, New York, NY",
1980.1119(1),813925,Drawings and Prints,Print,Stonehenge,,,,,Ruins and Landscapes,Artist|Printer|Printer,,Philip Pearlstein|Orlando Condesso|Nancy Brokopp,"American, born Pittsburgh, Pennsylvania, 1924",,,1924      |1940      |1940      ,2024      |9999      |9999      ,1979,1979,1979,Sugar-lift aquatint with roulette,Plate: 23 13/16 × 33 3/8 in. (60.5 × 84.7 cm)Sheet: 29 15/16 × 39 1/2 in. (76 × 100.3 cm),"Gift of Jerry S. Flum, 1980",,,,,,,,,,,,Prints,© Philip Pearlstein,http://www.metmuseum.org/art/collection/search/813925,5/13/2019 8:00,"Metropolitan Museum of Art, New York, NY",
1986.1180.249,820618,Drawings and Prints,Print,"Psyche, holding the flask of beauty being transported by three putti",,,,,,Artist|Artist,Possibly,"Anonymous, Italian|Nicolas Beatrizet","French, Lunéville 1515–ca. 1566 Rome (?)",,,1400      |1515      ,2050      |1566      ,ca. 1530–60,1525,1535,Engraving,Plate: 11 1/2 × 8 11/16 in. (29.2 × 22 cm),"Bequest of Grace Pugh, 1985",,,,,,,,,,,,Prints,,http://www.metmuseum.org/art/collection/search/820618,5/13/2019 8:00,"Metropolitan Museum of Art, New York, NY",Adam|Eve
67.744.50,824428,Drawings and Prints,Print,Landscape and Cattle,,,,,New York and Long Island Landscapes,Artist|Artist,After,August Barry|Charles H. Miller,"American, Long Island, New York 1842–1922",,,1850      |1842      ,1950      |1922      ,ca. 1880,1875,1885,Etching,Sheet: 17 7/8 × 22 5/16 in. (45.4 × 56.7 cm)Plate: 7 15/16 × 9 13/16 in. (20.2 × 25 cm),"Gift of Henry Levien, 1967",,,,,,,,,,,,Prints,,http://www.metmuseum.org/art/collection/search/824428,5/13/2019 8:00,"Metropolitan Museum of Art, New York, NY",